category,measurement,segment,min_interval,min_value,max_value,max_interval,token,exact_dose_token,make_extreme_value_quintile,manual_correction_range,added,observation_count,num_quantiles,original_token
labs,albumin,below,[,0.4,1.4,],"labs_albumin_[0.4,1.4]",0,1.0,,added,22202.0,5.0,lab_albumin_below_0_to_2
labs,albumin,below,(,1.4,1.6,],"labs_albumin_(1.4,1.6]",0,1.0,,added,23470.0,5.0,lab_albumin_below_0_to_2
labs,albumin,below,(,1.6,1.8,],"labs_albumin_(1.6,1.8]",0,1.0,,added,31794.0,5.0,lab_albumin_below_0_to_2
labs,albumin,below,(,1.8,1.9,],"labs_albumin_(1.8,1.9]",0,1.0,,added,24547.0,5.0,lab_albumin_below_0_to_2
labs,albumin,below,(,1.9,2.0,],"labs_albumin_(1.9,2.0]",0,1.0,,added,26232.0,5.0,lab_albumin_below_0_to_2
labs,albumin,below,(,2.0,2.4,],"labs_albumin_(2.0,2.4]",0,,,,,,
labs,albumin,below,(,2.4,2.8,],"labs_albumin_(2.4,2.8]",0,,,,,,
labs,albumin,below,(,2.8,3.1,],"labs_albumin_(2.8,3.1]",0,,,,,,
labs,albumin,below,(,3.1,3.5,],"labs_albumin_(3.1,3.5]",0,,,,,,
labs,albumin,normal,(,3.5,3.6,],"labs_albumin_(3.5,3.6]",0,,,,,,
labs,albumin,normal,(,3.6,3.7,],"labs_albumin_(3.6,3.7]",0,,,,,,
labs,albumin,normal,(,3.7,3.8,],"labs_albumin_(3.7,3.8]",0,,,,,,
labs,albumin,normal,(,3.8,4.1,],"labs_albumin_(3.8,4.1]",0,,,,,,
labs,albumin,normal,(,4.1,5.0,],"labs_albumin_(4.1,5.0]",0,,,,,,
labs,albumin,above,(,5.0,6.7,],"labs_albumin_(5.0,6.7]",0,,,,,,
labs,alkaline_phosphatase,below,[,5.0,30.0,],"labs_alkaline_phosphatase_[5.0,30.0]",0,,,,,,
labs,alkaline_phosphatase,normal,(,30.0,59.0,],"labs_alkaline_phosphatase_(30.0,59.0]",0,,,,,,
labs,alkaline_phosphatase,normal,(,59.0,71.0,],"labs_alkaline_phosphatase_(59.0,71.0]",0,,,,,,
labs,alkaline_phosphatase,normal,(,71.0,84.0,],"labs_alkaline_phosphatase_(71.0,84.0]",0,,,,,,
labs,alkaline_phosphatase,normal,(,84.0,99.0,],"labs_alkaline_phosphatase_(84.0,99.0]",0,,,,,,
labs,alkaline_phosphatase,normal,(,99.0,120.0,],"labs_alkaline_phosphatase_(99.0,120.0]",0,,,,,,
labs,alkaline_phosphatase,above,(,120.0,136.0,],"labs_alkaline_phosphatase_(120.0,136.0]",0,,,,,,
labs,alkaline_phosphatase,above,(,136.0,160.0,],"labs_alkaline_phosphatase_(136.0,160.0]",0,,,,,,
labs,alkaline_phosphatase,above,(,160.0,202.0,],"labs_alkaline_phosphatase_(160.0,202.0]",0,,,,,,
labs,alkaline_phosphatase,above,(,202.0,302.0,],"labs_alkaline_phosphatase_(202.0,302.0]",0,,,,,,
labs,alkaline_phosphatase,above,(,302.0,4389.0,],"labs_alkaline_phosphatase_(302.0,4389.0]",0,,,,,,
labs,alt,below,[,5.0,10.0,],"labs_alt_[5.0,10.0]",0,,,,,,
labs,alt,normal,(,10.0,13.0,],"labs_alt_(10.0,13.0]",0,,,,,,
labs,alt,normal,(,13.0,17.0,],"labs_alt_(13.0,17.0]",0,,,,,,
labs,alt,normal,(,17.0,22.0,],"labs_alt_(17.0,22.0]",0,,,,,,
labs,alt,normal,(,22.0,28.0,],"labs_alt_(22.0,28.0]",0,,,,,,
labs,alt,normal,(,28.0,40.0,],"labs_alt_(28.0,40.0]",0,,,,,,
labs,alt,above,(,40.0,48.0,],"labs_alt_(40.0,48.0]",0,,,,,,
labs,alt,above,(,48.0,63.0,],"labs_alt_(48.0,63.0]",0,,,,,,
labs,alt,above,(,63.0,90.0,],"labs_alt_(63.0,90.0]",0,,,,,,
labs,alt,above,(,90.0,169.0,],"labs_alt_(90.0,169.0]",0,,,,,,
labs,alt,above,(,169.0,218.0,],"labs_alt_(169.0,218.0]",0,1.0,,added,4649.0,5.0,lab_alt_above_169_to_19191
labs,alt,above,(,218.0,305.0,],"labs_alt_(218.0,305.0]",0,1.0,,added,4711.0,5.0,lab_alt_above_169_to_19191
labs,alt,above,(,305.0,502.0,],"labs_alt_(305.0,502.0]",0,1.0,,added,4663.0,5.0,lab_alt_above_169_to_19191
labs,alt,above,(,502.0,1057.0,],"labs_alt_(502.0,1057.0]",0,1.0,,added,4650.0,5.0,lab_alt_above_169_to_19191
labs,alt,above,(,1057.0,19191.0,],"labs_alt_(1057.0,19191.0]",0,1.0,,added,4641.0,5.0,lab_alt_above_169_to_19191
labs,ast,below,[,3.0,10.0,],"labs_ast_[3.0,10.0]",0,,,,,,
labs,ast,normal,(,10.0,14.0,],"labs_ast_(10.0,14.0]",0,,,,,,
labs,ast,normal,(,14.0,17.0,],"labs_ast_(14.0,17.0]",0,,,,,,
labs,ast,normal,(,17.0,21.0,],"labs_ast_(17.0,21.0]",0,,,,,,
labs,ast,normal,(,21.0,25.0,],"labs_ast_(21.0,25.0]",0,,,,,,
labs,ast,normal,(,25.0,30.0,],"labs_ast_(25.0,30.0]",0,,,,,,
labs,ast,above,(,30.0,36.0,],"labs_ast_(30.0,36.0]",0,,,,,,
labs,ast,above,(,36.0,46.0,],"labs_ast_(36.0,46.0]",0,,,,,,
labs,ast,above,(,46.0,64.0,],"labs_ast_(46.0,64.0]",0,,,,,,
labs,ast,above,(,64.0,114.0,],"labs_ast_(64.0,114.0]",0,,,,,,
labs,ast,above,(,114.0,142.0,],"labs_ast_(114.0,142.0]",0,1.0,,added,7653.0,5.0,lab_ast_above_114_to_19854
labs,ast,above,(,142.0,192.0,],"labs_ast_(142.0,192.0]",0,1.0,,added,7677.0,5.0,lab_ast_above_114_to_19854
labs,ast,above,(,192.0,304.0,],"labs_ast_(192.0,304.0]",0,1.0,,added,7529.0,5.0,lab_ast_above_114_to_19854
labs,ast,above,(,304.0,713.6,],"labs_ast_(304.0,713.6]",0,1.0,,added,7534.0,5.0,lab_ast_above_114_to_19854
labs,ast,above,(,713.6,19854.0,],"labs_ast_(713.6,19854.0]",0,1.0,,added,7513.0,5.0,lab_ast_above_114_to_19854
labs,bicarbonate,below,[,1.9,14.0,],"labs_bicarbonate_[1.9,14.0]",0,1.0,,added,20362.0,5.0,lab_bicarbonate_below_2_to_18
labs,bicarbonate,below,(,14.0,16.0,],"labs_bicarbonate_(14.0,16.0]",0,1.0,,added,27774.0,5.0,lab_bicarbonate_below_2_to_18
labs,bicarbonate,below,(,16.0,17.0,],"labs_bicarbonate_(16.0,17.0]",0,1.0,,added,30026.0,5.0,lab_bicarbonate_below_2_to_18
labs,bicarbonate,below,(,17.0,18.0,],"labs_bicarbonate_(17.0,18.0]",0,1.0,,added,41142.0,5.0,lab_bicarbonate_below_2_to_18
labs,bicarbonate,below,(,18.0,20.0,],"labs_bicarbonate_(18.0,20.0]",0,,,,,,
labs,bicarbonate,below,(,20.0,21.0,],"labs_bicarbonate_(20.0,21.0]",0,,,,,,
labs,bicarbonate,below,(,21.0,22.0,],"labs_bicarbonate_(21.0,22.0]",0,,,,,,
labs,bicarbonate,normal,(,22.0,23.0,],"labs_bicarbonate_(22.0,23.0]",0,,,,,,
labs,bicarbonate,normal,(,23.0,24.0,],"labs_bicarbonate_(23.0,24.0]",0,,,,,,
labs,bicarbonate,normal,(,24.0,25.0,],"labs_bicarbonate_(24.0,25.0]",0,,,,,,
labs,bicarbonate,normal,(,25.0,26.0,],"labs_bicarbonate_(25.0,26.0]",0,,,,,,
labs,bicarbonate,normal,(,26.0,28.0,],"labs_bicarbonate_(26.0,28.0]",0,,,,,,
labs,bicarbonate,above,(,28.0,29.0,],"labs_bicarbonate_(28.0,29.0]",0,,,,,,
labs,bicarbonate,above,(,29.0,30.0,],"labs_bicarbonate_(29.0,30.0]",0,,,,,,
labs,bicarbonate,above,(,30.0,32.0,],"labs_bicarbonate_(30.0,32.0]",0,,,,,,
labs,bicarbonate,above,(,32.0,33.0,],"labs_bicarbonate_(32.0,33.0]",0,1.0,,added,14755.0,5.0,lab_bicarbonate_above_32_to_50
labs,bicarbonate,above,(,33.0,35.0,],"labs_bicarbonate_(33.0,35.0]",0,1.0,,added,15870.0,5.0,lab_bicarbonate_above_32_to_50
labs,bicarbonate,above,(,35.0,38.0,],"labs_bicarbonate_(35.0,38.0]",0,1.0,,added,13793.0,5.0,lab_bicarbonate_above_32_to_50
labs,bicarbonate,above,(,38.0,42.0,],"labs_bicarbonate_(38.0,42.0]",0,1.0,,added,11232.0,5.0,lab_bicarbonate_above_32_to_50
labs,bicarbonate,above,(,42.0,50.0,],"labs_bicarbonate_(42.0,50.0]",0,1.0,,added,11299.0,5.0,lab_bicarbonate_above_32_to_50
labs,bilirubin_conjugated,below,[,0.0,0.14,],"labs_bilirubin_conjugated_[0.0,0.14]",1,,,,,,
labs,bilirubin_conjugated,normal,(,0.14,0.17,],"labs_bilirubin_conjugated_(0.14,0.17]",0,,,,,,
labs,bilirubin_conjugated,normal,(,0.17,0.21,],"labs_bilirubin_conjugated_(0.17,0.21]",0,,,,,,
labs,bilirubin_conjugated,normal,(,0.21,0.25,],"labs_bilirubin_conjugated_(0.21,0.25]",0,,,,,,
labs,bilirubin_conjugated,normal,(,0.25,0.3,],"labs_bilirubin_conjugated_(0.25,0.3]",0,,,,,,
labs,bilirubin_conjugated,above,(,0.3,0.44,],"labs_bilirubin_conjugated_(0.3,0.44]",0,,,,,,
labs,bilirubin_conjugated,above,(,0.44,0.68,],"labs_bilirubin_conjugated_(0.44,0.68]",0,,,,,,
labs,bilirubin_conjugated,above,(,0.68,1.18,],"labs_bilirubin_conjugated_(0.68,1.18]",0,,,,,,
labs,bilirubin_conjugated,above,(,1.18,3.1,],"labs_bilirubin_conjugated_(1.18,3.1]",0,,,,,,
labs,bilirubin_conjugated,above,(,3.1,4.07,],"labs_bilirubin_conjugated_(3.1,4.07]",0,1.0,,added,479.0,5.0,lab_bilirubin_conjugated_above_3_to_43
labs,bilirubin_conjugated,above,(,4.07,5.45,],"labs_bilirubin_conjugated_(4.07,5.45]",0,1.0,,added,481.0,5.0,lab_bilirubin_conjugated_above_3_to_43
labs,bilirubin_conjugated,above,(,5.45,7.73,],"labs_bilirubin_conjugated_(5.45,7.73]",0,1.0,,added,482.0,5.0,lab_bilirubin_conjugated_above_3_to_43
labs,bilirubin_conjugated,above,(,7.73,12.11,],"labs_bilirubin_conjugated_(7.73,12.11]",0,1.0,,added,477.0,5.0,lab_bilirubin_conjugated_above_3_to_43
labs,bilirubin_conjugated,above,(,12.11,42.62,],"labs_bilirubin_conjugated_(12.11,42.62]",0,1.0,,added,478.0,5.0,lab_bilirubin_conjugated_above_3_to_43
labs,bilirubin_total,below,[,0.1,0.3,],"labs_bilirubin_total_[0.1,0.3]",0,,,,,,
labs,bilirubin_total,normal,(,0.3,0.4,],"labs_bilirubin_total_(0.3,0.4]",0,,,,,,
labs,bilirubin_total,normal,(,0.4,0.5,],"labs_bilirubin_total_(0.4,0.5]",0,,,,,,
labs,bilirubin_total,normal,(,0.5,0.6,],"labs_bilirubin_total_(0.5,0.6]",0,,,,,,
labs,bilirubin_total,normal,(,0.6,0.8,],"labs_bilirubin_total_(0.6,0.8]",0,,,,,,
labs,bilirubin_total,normal,(,0.8,1.2,],"labs_bilirubin_total_(0.8,1.2]",0,,,,,,
labs,bilirubin_total,above,(,1.2,1.4,],"labs_bilirubin_total_(1.2,1.4]",0,,,,,,
labs,bilirubin_total,above,(,1.4,1.9,],"labs_bilirubin_total_(1.4,1.9]",0,,,,,,
labs,bilirubin_total,above,(,1.9,2.8,],"labs_bilirubin_total_(1.9,2.8]",0,,,,,,
labs,bilirubin_total,above,(,2.8,6.1,],"labs_bilirubin_total_(2.8,6.1]",0,,,,,,
labs,bilirubin_total,above,(,6.1,8.0,],"labs_bilirubin_total_(6.1,8.0]",0,1.0,,added,4303.0,5.0,lab_bilirubin_total_above_6_to_76
labs,bilirubin_total,above,(,8.0,11.3,],"labs_bilirubin_total_(8.0,11.3]",0,1.0,,added,4295.0,5.0,lab_bilirubin_total_above_6_to_76
labs,bilirubin_total,above,(,11.3,16.4,],"labs_bilirubin_total_(11.3,16.4]",0,1.0,,added,4186.0,5.0,lab_bilirubin_total_above_6_to_76
labs,bilirubin_total,above,(,16.4,25.0,],"labs_bilirubin_total_(16.4,25.0]",0,1.0,,added,4213.0,5.0,lab_bilirubin_total_above_6_to_76
labs,bilirubin_total,above,(,25.0,76.4,],"labs_bilirubin_total_(25.0,76.4]",0,1.0,,added,4190.0,5.0,lab_bilirubin_total_above_6_to_76
labs,bun,below,[,1.9,5.0,],"labs_bun_[1.9,5.0]",0,,,,,,
labs,bun,below,(,5.0,6.0,],"labs_bun_(5.0,6.0]",0,,,,,,
labs,bun,below,(,6.0,7.0,],"labs_bun_(6.0,7.0]",0,,,,,,
labs,bun,below,(,7.0,8.0,],"labs_bun_(7.0,8.0]",0,,,,,,
labs,bun,normal,(,8.0,10.0,],"labs_bun_(8.0,10.0]",0,,,,,,
labs,bun,normal,(,10.0,13.0,],"labs_bun_(10.0,13.0]",0,,,,,,
labs,bun,normal,(,13.0,16.0,],"labs_bun_(13.0,16.0]",0,,,,,,
labs,bun,normal,(,16.0,19.0,],"labs_bun_(16.0,19.0]",0,,,,,,
labs,bun,normal,(,19.0,23.0,],"labs_bun_(19.0,23.0]",0,,,,,,
labs,bun,above,(,23.0,27.0,],"labs_bun_(23.0,27.0]",0,,,,,,
labs,bun,above,(,27.0,33.0,],"labs_bun_(27.0,33.0]",0,,,,,,
labs,bun,above,(,33.0,43.0,],"labs_bun_(33.0,43.0]",0,,,,,,
labs,bun,above,(,43.0,59.0,],"labs_bun_(43.0,59.0]",0,,,,,,
labs,bun,above,(,59.0,64.0,],"labs_bun_(59.0,64.0]",0,1.0,,added,14362.0,5.0,lab_bun_above_59_to_249
labs,bun,above,(,64.0,71.0,],"labs_bun_(64.0,71.0]",0,1.0,,added,15207.0,5.0,lab_bun_above_59_to_249
labs,bun,above,(,71.0,81.0,],"labs_bun_(71.0,81.0]",0,1.0,,added,15593.0,5.0,lab_bun_above_59_to_249
labs,bun,above,(,81.0,96.0,],"labs_bun_(81.0,96.0]",0,1.0,,added,14004.0,5.0,lab_bun_above_59_to_249
labs,bun,above,(,96.0,249.0,],"labs_bun_(96.0,249.0]",0,1.0,,added,13577.0,5.0,lab_bun_above_59_to_249
labs,calcium_total,below,[,2.2,7.4,],"labs_calcium_total_[2.2,7.4]",0,,,,,,
labs,calcium_total,below,(,7.4,7.8,],"labs_calcium_total_(7.4,7.8]",0,,,,,,
labs,calcium_total,below,(,7.8,8.0,],"labs_calcium_total_(7.8,8.0]",0,,,,,,
labs,calcium_total,below,(,8.0,8.1,],"labs_calcium_total_(8.0,8.1]",0,,,,,,
labs,calcium_total,below,(,8.1,8.2,],"labs_calcium_total_(8.1,8.2]",0,,,,,,
labs,calcium_total,normal,(,8.2,8.5,],"labs_calcium_total_(8.2,8.5]",0,,,,,,
labs,calcium_total,normal,(,8.5,8.8,],"labs_calcium_total_(8.5,8.8]",0,,,,,,
labs,calcium_total,normal,(,8.8,9.1,],"labs_calcium_total_(8.8,9.1]",0,,,,,,
labs,calcium_total,normal,(,9.1,9.5,],"labs_calcium_total_(9.1,9.5]",0,,,,,,
labs,calcium_total,normal,(,9.5,10.2,],"labs_calcium_total_(9.5,10.2]",0,,,,,,
labs,calcium_total,above,(,10.2,10.3,],"labs_calcium_total_(10.2,10.3]",0,,,,,,
labs,calcium_total,above,(,10.3,10.4,],"labs_calcium_total_(10.3,10.4]",0,,,,,,
labs,calcium_total,above,(,10.4,10.6,],"labs_calcium_total_(10.4,10.6]",0,,,,,,
labs,calcium_total,above,(,10.6,10.9,],"labs_calcium_total_(10.6,10.9]",0,,,,,,
labs,calcium_total,above,(,10.9,19.9,],"labs_calcium_total_(10.9,19.9]",0,,,,,,
labs,chloride,below,[,54.9,91.0,],"labs_chloride_[54.9,91.0]",0,,,,,,
labs,chloride,below,(,91.0,93.0,],"labs_chloride_(91.0,93.0]",0,,,,,,
labs,chloride,below,(,93.0,95.0,],"labs_chloride_(93.0,95.0]",0,,,,,,
labs,chloride,below,(,95.0,96.0,],"labs_chloride_(95.0,96.0]",0,,,,,,
labs,chloride,normal,(,96.0,100.0,],"labs_chloride_(96.0,100.0]",0,,,,,,
labs,chloride,normal,(,100.0,102.0,],"labs_chloride_(100.0,102.0]",0,,,,,,
labs,chloride,normal,(,102.0,104.0,],"labs_chloride_(102.0,104.0]",0,,,,,,
labs,chloride,normal,(,104.0,105.0,],"labs_chloride_(104.0,105.0]",0,,,,,,
labs,chloride,normal,(,105.0,106.0,],"labs_chloride_(105.0,106.0]",0,,,,,,
labs,chloride,above,(,106.0,107.0,],"labs_chloride_(106.0,107.0]",0,,,,,,
labs,chloride,above,(,107.0,108.0,],"labs_chloride_(107.0,108.0]",0,,,,,,
labs,chloride,above,(,108.0,109.0,],"labs_chloride_(108.0,109.0]",0,,,,,,
labs,chloride,above,(,109.0,111.0,],"labs_chloride_(109.0,111.0]",0,,,,,,
labs,chloride,above,(,111.0,140.0,],"labs_chloride_(111.0,140.0]",0,,,,,,
labs,creatinine,below,[,0.19,0.49,],"labs_creatinine_[0.19,0.49]",0,,,,,,
labs,creatinine,below,(,0.49,0.53,],"labs_creatinine_(0.49,0.53]",0,,,,,,
labs,creatinine,below,(,0.53,0.56,],"labs_creatinine_(0.53,0.56]",0,,,,,,
labs,creatinine,below,(,0.56,0.59,],"labs_creatinine_(0.56,0.59]",0,,,,,,
labs,creatinine,below,(,0.59,0.6,],"labs_creatinine_(0.59,0.6]",0,,,,,,
labs,creatinine,normal,(,0.6,0.69,],"labs_creatinine_(0.6,0.69]",0,,,,,,
labs,creatinine,normal,(,0.69,0.76,],"labs_creatinine_(0.69,0.76]",0,,,,,,
labs,creatinine,normal,(,0.76,0.84,],"labs_creatinine_(0.76,0.84]",0,,,,,,
labs,creatinine,normal,(,0.84,0.97,],"labs_creatinine_(0.84,0.97]",0,,,,,,
labs,creatinine,normal,(,0.97,1.2,],"labs_creatinine_(0.97,1.2]",0,,,,,,
labs,creatinine,above,(,1.2,1.42,],"labs_creatinine_(1.2,1.42]",0,,,,,,
labs,creatinine,above,(,1.42,1.81,],"labs_creatinine_(1.42,1.81]",0,,,,,,
labs,creatinine,above,(,1.81,2.63,],"labs_creatinine_(1.81,2.63]",0,,,,,,
labs,creatinine,above,(,2.63,4.87,],"labs_creatinine_(2.63,4.87]",0,,,,,,
labs,creatinine,above,(,4.87,20.0,],"labs_creatinine_(4.87,20.0]",0,,,,,,
labs,crp,normal,[,0.3,1.3,],"labs_crp_[0.3,1.3]",0,,,,,,
labs,crp,normal,(,1.3,1.7,],"labs_crp_(1.3,1.7]",0,,,,,,
labs,crp,normal,(,1.7,2.1,],"labs_crp_(1.7,2.1]",0,,,,,,
labs,crp,normal,(,2.1,2.6,],"labs_crp_(2.1,2.6]",0,,,,,,
labs,crp,normal,(,2.6,3.1,],"labs_crp_(2.6,3.1]",0,,,,,,
labs,crp,above,(,3.1,17.7,],"labs_crp_(3.1,17.7]",0,,,,,,
labs,crp,above,(,17.7,44.1,],"labs_crp_(17.7,44.1]",0,,,,,,
labs,crp,above,(,44.1,87.8,],"labs_crp_(44.1,87.8]",0,,,,,,
labs,crp,above,(,87.8,169.4,],"labs_crp_(87.8,169.4]",0,,,,,,
labs,crp,above,(,169.4,610.6,],"labs_crp_(169.4,610.6]",0,,,,,,
labs,esr,normal,[,0.9,4.0,],"labs_esr_[0.9,4.0]",0,,,,,,
labs,esr,normal,(,4.0,8.0,],"labs_esr_(4.0,8.0]",0,,,,,,
labs,esr,normal,(,8.0,12.0,],"labs_esr_(8.0,12.0]",0,,,,,,
labs,esr,normal,(,12.0,16.0,],"labs_esr_(12.0,16.0]",0,,,,,,
labs,esr,normal,(,16.0,20.0,],"labs_esr_(16.0,20.0]",0,,,,,,
labs,esr,above,(,20.0,37.0,],"labs_esr_(20.0,37.0]",0,,,,,,
labs,esr,above,(,37.0,53.0,],"labs_esr_(37.0,53.0]",0,,,,,,
labs,esr,above,(,53.0,67.0,],"labs_esr_(53.0,67.0]",0,,,,,,
labs,esr,above,(,67.0,103.0,],"labs_esr_(67.0,103.0]",0,,,,,,
labs,esr,above,(,103.0,140.0,],"labs_esr_(103.0,140.0]",0,,,,,,
labs,ferritin,below,[,1.0,15.0,],"labs_ferritin_[1.0,15.0]",0,,,,,,
labs,ferritin,normal,(,15.0,38.0,],"labs_ferritin_(15.0,38.0]",0,,,,,,
labs,ferritin,normal,(,38.0,69.0,],"labs_ferritin_(38.0,69.0]",0,,,,,,
labs,ferritin,normal,(,69.0,106.0,],"labs_ferritin_(69.0,106.0]",0,,,,,,
labs,ferritin,normal,(,106.0,149.0,],"labs_ferritin_(106.0,149.0]",0,,,,,,
labs,ferritin,normal,(,149.0,200.0,],"labs_ferritin_(149.0,200.0]",0,,,,,,
labs,ferritin,above,(,200.0,378.0,],"labs_ferritin_(200.0,378.0]",0,,,,,,
labs,ferritin,above,(,378.0,675.0,],"labs_ferritin_(378.0,675.0]",0,,,,,,
labs,ferritin,above,(,675.0,1238.0,],"labs_ferritin_(675.0,1238.0]",0,,,,,,
labs,ferritin,above,(,1238.0,2340.0,],"labs_ferritin_(1238.0,2340.0]",0,,,,,,
labs,ferritin,above,(,2340.0,2803.2,],"labs_ferritin_(2340.0,2803.2]",0,1.0,,added,709.0,5.0,lab_ferritin_above_2340_to_39106
labs,ferritin,above,(,2803.2,3535.6,],"labs_ferritin_(2803.2,3535.6]",0,1.0,,added,708.0,5.0,lab_ferritin_above_2340_to_39106
labs,ferritin,above,(,3535.6,4906.2,],"labs_ferritin_(3535.6,4906.2]",0,1.0,,added,709.0,5.0,lab_ferritin_above_2340_to_39106
labs,ferritin,above,(,4906.2,7840.4,],"labs_ferritin_(4906.2,7840.4]",0,1.0,,added,708.0,5.0,lab_ferritin_above_2340_to_39106
labs,ferritin,above,(,7840.4,39106.0,],"labs_ferritin_(7840.4,39106.0]",0,1.0,,added,709.0,5.0,lab_ferritin_above_2340_to_39106
labs,glucose_fingerstick,below,[,19.9,51.0,],"labs_glucose_fingerstick_[19.9,51.0]",0,,,,,,
labs,glucose_fingerstick,below,(,51.0,60.0,],"labs_glucose_fingerstick_(51.0,60.0]",0,,,,,,
labs,glucose_fingerstick,below,(,60.0,65.0,],"labs_glucose_fingerstick_(60.0,65.0]",0,,,,,,
labs,glucose_fingerstick,below,(,65.0,68.0,],"labs_glucose_fingerstick_(65.0,68.0]",0,,,,,,
labs,glucose_fingerstick,below,(,68.0,70.0,],"labs_glucose_fingerstick_(68.0,70.0]",0,,,,,,
labs,glucose_fingerstick,normal,(,70.0,84.0,],"labs_glucose_fingerstick_(70.0,84.0]",0,,,,,,
labs,glucose_fingerstick,normal,(,84.0,92.0,],"labs_glucose_fingerstick_(84.0,92.0]",0,,,,,,
labs,glucose_fingerstick,normal,(,92.0,99.0,],"labs_glucose_fingerstick_(92.0,99.0]",0,,,,,,
labs,glucose_fingerstick,normal,(,99.0,105.0,],"labs_glucose_fingerstick_(99.0,105.0]",0,,,,,,
labs,glucose_fingerstick,normal,(,105.0,110.0,],"labs_glucose_fingerstick_(105.0,110.0]",0,,,,,,
labs,glucose_fingerstick,above,(,110.0,130.0,],"labs_glucose_fingerstick_(110.0,130.0]",0,,,,,,
labs,glucose_fingerstick,above,(,130.0,151.0,],"labs_glucose_fingerstick_(130.0,151.0]",0,,,,,,
labs,glucose_fingerstick,above,(,151.0,178.0,],"labs_glucose_fingerstick_(151.0,178.0]",0,,,,,,
labs,glucose_fingerstick,above,(,178.0,223.0,],"labs_glucose_fingerstick_(178.0,223.0]",0,,,,,,
labs,glucose_fingerstick,above,(,223.0,237.0,],"labs_glucose_fingerstick_(223.0,237.0]",0,1.0,,added,38314.0,5.0,lab_glucose_fingerstick_above_223_to_693
labs,glucose_fingerstick,above,(,237.0,256.0,],"labs_glucose_fingerstick_(237.0,256.0]",0,1.0,,added,39238.0,5.0,lab_glucose_fingerstick_above_223_to_693
labs,glucose_fingerstick,above,(,256.0,282.0,],"labs_glucose_fingerstick_(256.0,282.0]",0,1.0,,added,38118.0,5.0,lab_glucose_fingerstick_above_223_to_693
labs,glucose_fingerstick,above,(,282.0,324.0,],"labs_glucose_fingerstick_(282.0,324.0]",0,1.0,,added,37288.0,5.0,lab_glucose_fingerstick_above_223_to_693
labs,glucose_fingerstick,above,(,324.0,693.0,],"labs_glucose_fingerstick_(324.0,693.0]",0,1.0,,added,37425.0,5.0,lab_glucose_fingerstick_above_223_to_693
labs,glucose_serum,below,[,4.9,56.0,],"labs_glucose_serum_[4.9,56.0]",0,,,,,,
labs,glucose_serum,below,(,56.0,63.0,],"labs_glucose_serum_(56.0,63.0]",0,,,,,,
labs,glucose_serum,below,(,63.0,66.0,],"labs_glucose_serum_(63.0,66.0]",0,,,,,,
labs,glucose_serum,below,(,66.0,69.0,],"labs_glucose_serum_(66.0,69.0]",0,,,,,,
labs,glucose_serum,below,(,69.0,70.0,],"labs_glucose_serum_(69.0,70.0]",0,,,,,,
labs,glucose_serum,normal,(,70.0,84.0,],"labs_glucose_serum_(70.0,84.0]",0,,,,,,
labs,glucose_serum,normal,(,84.0,91.0,],"labs_glucose_serum_(84.0,91.0]",0,,,,,,
labs,glucose_serum,normal,(,91.0,97.0,],"labs_glucose_serum_(91.0,97.0]",0,,,,,,
labs,glucose_serum,normal,(,97.0,103.0,],"labs_glucose_serum_(97.0,103.0]",0,,,,,,
labs,glucose_serum,normal,(,103.0,110.0,],"labs_glucose_serum_(103.0,110.0]",0,,,,,,
labs,glucose_serum,above,(,110.0,120.0,],"labs_glucose_serum_(110.0,120.0]",0,,,,,,
labs,glucose_serum,above,(,120.0,133.0,],"labs_glucose_serum_(120.0,133.0]",0,,,,,,
labs,glucose_serum,above,(,133.0,154.0,],"labs_glucose_serum_(133.0,154.0]",0,,,,,,
labs,glucose_serum,above,(,154.0,193.0,],"labs_glucose_serum_(154.0,193.0]",0,,,,,,
labs,glucose_serum,above,(,193.0,206.0,],"labs_glucose_serum_(193.0,206.0]",0,1.0,,added,15695.0,5.0,lab_glucose_serum_above_193_to_1977
labs,glucose_serum,above,(,206.0,225.0,],"labs_glucose_serum_(206.0,225.0]",0,1.0,,added,16290.0,5.0,lab_glucose_serum_above_193_to_1977
labs,glucose_serum,above,(,225.0,253.0,],"labs_glucose_serum_(225.0,253.0]",0,1.0,,added,16465.0,5.0,lab_glucose_serum_above_193_to_1977
labs,glucose_serum,above,(,253.0,303.0,],"labs_glucose_serum_(253.0,303.0]",0,1.0,,added,15540.0,5.0,lab_glucose_serum_above_193_to_1977
labs,glucose_serum,above,(,303.0,1977.0,],"labs_glucose_serum_(303.0,1977.0]",0,1.0,,added,15651.0,5.0,lab_glucose_serum_above_193_to_1977
labs,hemoglobin,below,[,1.9,6.8,],"labs_hemoglobin_[1.9,6.8]",0,1.0,,added,22883.0,5.0,lab_hemoglobin_below_2_to_8
labs,hemoglobin,below,(,6.8,7.1,],"labs_hemoglobin_(6.8,7.1]",0,1.0,,added,22713.0,5.0,lab_hemoglobin_below_2_to_8
labs,hemoglobin,below,(,7.1,7.4,],"labs_hemoglobin_(7.1,7.4]",0,1.0,,added,33455.0,5.0,lab_hemoglobin_below_2_to_8
labs,hemoglobin,below,(,7.4,7.6,],"labs_hemoglobin_(7.4,7.6]",0,1.0,,added,30536.0,5.0,lab_hemoglobin_below_2_to_8
labs,hemoglobin,below,(,7.6,7.7,],"labs_hemoglobin_(7.6,7.7]",0,1.0,,added,21890.0,5.0,lab_hemoglobin_below_2_to_8
labs,hemoglobin,below,(,7.7,8.6,],"labs_hemoglobin_(7.7,8.6]",0,,,,,,
labs,hemoglobin,below,(,8.6,9.6,],"labs_hemoglobin_(8.6,9.6]",0,,,,,,
labs,hemoglobin,below,(,9.6,10.7,],"labs_hemoglobin_(9.6,10.7]",0,,,,,,
labs,hemoglobin,below,(,10.7,12.0,],"labs_hemoglobin_(10.7,12.0]",0,,,,,,
labs,hemoglobin,normal,(,12.0,12.4,],"labs_hemoglobin_(12.0,12.4]",0,,,,,,
labs,hemoglobin,normal,(,12.4,12.9,],"labs_hemoglobin_(12.4,12.9]",0,,,,,,
labs,hemoglobin,normal,(,12.9,13.5,],"labs_hemoglobin_(12.9,13.5]",0,,,,,,
labs,hemoglobin,normal,(,13.5,14.4,],"labs_hemoglobin_(13.5,14.4]",0,,,,,,
labs,hemoglobin,normal,(,14.4,18.0,],"labs_hemoglobin_(14.4,18.0]",0,,,,,,
labs,hemoglobin,above,(,18.0,18.1,],"labs_hemoglobin_(18.0,18.1]",0,,,,,,
labs,hemoglobin,above,(,18.1,18.3,],"labs_hemoglobin_(18.1,18.3]",0,,,,,,
labs,hemoglobin,above,(,18.3,18.6,],"labs_hemoglobin_(18.3,18.6]",0,,,,,,
labs,hemoglobin,above,(,18.6,19.1,],"labs_hemoglobin_(18.6,19.1]",0,,,,,,
labs,hemoglobin,above,(,19.1,24.6,],"labs_hemoglobin_(19.1,24.6]",0,,,,,,
labs,inr,below,[,0.79,0.88,],"labs_inr_[0.79,0.88]",0,,,,,,
labs,inr,below,(,0.88,0.89,],"labs_inr_(0.88,0.89]",0,,,,,,
labs,inr,below,(,0.89,0.9,],"labs_inr_(0.89,0.9]",0,,,,,,
labs,inr,normal,(,0.9,0.98,],"labs_inr_(0.9,0.98]",0,,,,,,
labs,inr,normal,(,0.98,1.01,],"labs_inr_(0.98,1.01]",0,,,,,,
labs,inr,normal,(,1.01,1.04,],"labs_inr_(1.01,1.04]",0,,,,,,
labs,inr,normal,(,1.04,1.07,],"labs_inr_(1.04,1.07]",0,,,,,,
labs,inr,normal,(,1.07,1.1,],"labs_inr_(1.07,1.1]",0,,,,,,
labs,inr,above,(,1.1,1.15,],"labs_inr_(1.1,1.15]",0,,,,,,
labs,inr,above,(,1.15,1.23,],"labs_inr_(1.15,1.23]",0,,,,,,
labs,inr,above,(,1.23,1.39,],"labs_inr_(1.23,1.39]",0,,,,,,
labs,inr,above,(,1.39,1.79,],"labs_inr_(1.39,1.79]",0,,,,,,
labs,inr,above,(,1.79,1.95,],"labs_inr_(1.79,1.95]",0,1.0,,added,5419.0,5.0,lab_inr_above_2_to_15
labs,inr,above,(,1.95,2.16,],"labs_inr_(1.95,2.16]",0,1.0,,added,5540.0,5.0,lab_inr_above_2_to_15
labs,inr,above,(,2.16,2.47,],"labs_inr_(2.16,2.47]",0,1.0,,added,5439.0,5.0,lab_inr_above_2_to_15
labs,inr,above,(,2.47,3.08,],"labs_inr_(2.47,3.08]",0,1.0,,added,5333.0,5.0,lab_inr_above_2_to_15
labs,inr,above,(,3.08,14.98,],"labs_inr_(3.08,14.98]",0,1.0,,added,5297.0,5.0,lab_inr_above_2_to_15
labs,lactate,below,[,0.1,0.5,],"labs_lactate_[0.1,0.5]",0,,,,,,
labs,lactate,normal,(,0.5,0.9,],"labs_lactate_(0.5,0.9]",0,,,,,,
labs,lactate,normal,(,0.9,1.1,],"labs_lactate_(0.9,1.1]",0,,,,,,
labs,lactate,normal,(,1.1,1.3,],"labs_lactate_(1.1,1.3]",0,,,,,,
labs,lactate,normal,(,1.3,1.6,],"labs_lactate_(1.3,1.6]",0,,,,,,
labs,lactate,normal,(,1.6,2.0,],"labs_lactate_(1.6,2.0]",0,,,,,,
labs,lactate,above,(,2.0,2.2,],"labs_lactate_(2.0,2.2]",0,,,,,,
labs,lactate,above,(,2.2,2.7,],"labs_lactate_(2.2,2.7]",0,,,,,,
labs,lactate,above,(,2.7,3.4,],"labs_lactate_(2.7,3.4]",0,,,,,,
labs,lactate,above,(,3.4,5.4,],"labs_lactate_(3.4,5.4]",0,,,,,,
labs,lactate,above,(,5.4,6.2,],"labs_lactate_(5.4,6.2]",0,1.0,,added,3203.0,5.0,lab_lactate_above_5_to_30
labs,lactate,above,(,6.2,7.6,],"labs_lactate_(6.2,7.6]",0,1.0,,added,3577.0,5.0,lab_lactate_above_5_to_30
labs,lactate,above,(,7.6,9.6,],"labs_lactate_(7.6,9.6]",0,1.0,,added,3387.0,5.0,lab_lactate_above_5_to_30
labs,lactate,above,(,9.6,12.8,],"labs_lactate_(9.6,12.8]",0,1.0,,added,3195.0,5.0,lab_lactate_above_5_to_30
labs,lactate,above,(,12.8,30.0,],"labs_lactate_(12.8,30.0]",0,1.0,,added,3241.0,5.0,lab_lactate_above_5_to_30
labs,ldh,below,[,30.0,100.0,],"labs_ldh_[30.0,100.0]",0,,,,,,
labs,ldh,normal,(,100.0,139.0,],"labs_ldh_(100.0,139.0]",0,,,,,,
labs,ldh,normal,(,139.0,159.0,],"labs_ldh_(139.0,159.0]",0,,,,,,
labs,ldh,normal,(,159.0,175.0,],"labs_ldh_(159.0,175.0]",0,,,,,,
labs,ldh,normal,(,175.0,188.0,],"labs_ldh_(175.0,188.0]",0,,,,,,
labs,ldh,normal,(,188.0,200.0,],"labs_ldh_(188.0,200.0]",0,,,,,,
labs,ldh,above,(,200.0,264.0,],"labs_ldh_(200.0,264.0]",0,,,,,,
labs,ldh,above,(,264.0,347.0,],"labs_ldh_(264.0,347.0]",0,,,,,,
labs,ldh,above,(,347.0,476.0,],"labs_ldh_(347.0,476.0]",0,,,,,,
labs,ldh,above,(,476.0,719.0,],"labs_ldh_(476.0,719.0]",0,,,,,,
labs,ldh,above,(,719.0,9138.0,],"labs_ldh_(719.0,9138.0]",0,,,,,,
labs,magnesium,below,[,0.5,1.1,],"labs_magnesium_[0.5,1.1]",0,,,,,,
labs,magnesium,below,(,1.1,1.2,],"labs_magnesium_(1.1,1.2]",0,,,,,,
labs,magnesium,below,(,1.2,1.3,],"labs_magnesium_(1.2,1.3]",0,,,,,,
labs,magnesium,normal,(,1.3,1.7,],"labs_magnesium_(1.3,1.7]",0,,,,,,
labs,magnesium,normal,(,1.7,1.8,],"labs_magnesium_(1.7,1.8]",0,,,,,,
labs,magnesium,normal,(,1.8,1.9,],"labs_magnesium_(1.8,1.9]",0,,,,,,
labs,magnesium,normal,(,1.9,2.0,],"labs_magnesium_(1.9,2.0]",0,,,,,,
labs,magnesium,normal,(,2.0,2.1,],"labs_magnesium_(2.0,2.1]",0,,,,,,
labs,magnesium,above,(,2.1,2.2,],"labs_magnesium_(2.1,2.2]",0,,,,,,
labs,magnesium,above,(,2.2,2.3,],"labs_magnesium_(2.2,2.3]",0,,,,,,
labs,magnesium,above,(,2.3,2.4,],"labs_magnesium_(2.3,2.4]",0,,,,,,
labs,magnesium,above,(,2.4,10.0,],"labs_magnesium_(2.4,10.0]",0,,,,,,
labs,neutrophils_absolute,below,[,0.0,0.01,],"labs_neutrophils_absolute_[0.0,0.01]",0,1.0,1.0,added,2480.0,5.0,lab_neutrophils_absolute_below_-0p0_to_0p1
labs,neutrophils_absolute,below,(,0.01,0.02,],"labs_neutrophils_absolute_(0.01,0.02]",0,1.0,,added,2265.0,5.0,lab_neutrophils_absolute_below_-0p0_to_0p1
labs,neutrophils_absolute,below,(,0.02,0.04,],"labs_neutrophils_absolute_(0.02,0.04]",0,1.0,,added,2001.0,5.0,lab_neutrophils_absolute_below_-0p0_to_0p1
labs,neutrophils_absolute,below,(,0.04,0.07,],"labs_neutrophils_absolute_(0.04,0.07]",0,1.0,,added,1688.0,5.0,lab_neutrophils_absolute_below_-0p0_to_0p1
labs,neutrophils_absolute,below,(,0.07,0.11,],"labs_neutrophils_absolute_(0.07,0.11]",0,1.0,,added,1544.0,5.0,lab_neutrophils_absolute_below_-0p0_to_0p1
labs,neutrophils_absolute,below,(,0.11,0.64,],"labs_neutrophils_absolute_(0.11,0.64]",0,,,,,,
labs,neutrophils_absolute,below,(,0.64,1.26,],"labs_neutrophils_absolute_(0.64,1.26]",0,,,,,,
labs,neutrophils_absolute,below,(,1.26,1.68,],"labs_neutrophils_absolute_(1.26,1.68]",0,,,,,,
labs,neutrophils_absolute,below,(,1.68,2.0,],"labs_neutrophils_absolute_(1.68,2.0]",0,,,,,,
labs,neutrophils_absolute,normal,(,2.0,3.19,],"labs_neutrophils_absolute_(2.0,3.19]",0,,,,,,
labs,neutrophils_absolute,normal,(,3.19,4.15,],"labs_neutrophils_absolute_(3.19,4.15]",0,,,,,,
labs,neutrophils_absolute,normal,(,4.15,5.11,],"labs_neutrophils_absolute_(4.15,5.11]",0,,,,,,
labs,neutrophils_absolute,normal,(,5.11,6.18,],"labs_neutrophils_absolute_(5.11,6.18]",0,,,,,,
labs,neutrophils_absolute,normal,(,6.18,7.5,],"labs_neutrophils_absolute_(6.18,7.5]",0,,,,,,
labs,neutrophils_absolute,above,(,7.5,8.49,],"labs_neutrophils_absolute_(7.5,8.49]",0,,,,,,
labs,neutrophils_absolute,above,(,8.49,9.77,],"labs_neutrophils_absolute_(8.49,9.77]",0,,,,,,
labs,neutrophils_absolute,above,(,9.77,11.58,],"labs_neutrophils_absolute_(9.77,11.58]",0,,,,,,
labs,neutrophils_absolute,above,(,11.58,14.77,],"labs_neutrophils_absolute_(11.58,14.77]",0,,,,,,
labs,neutrophils_absolute,above,(,14.77,15.92,],"labs_neutrophils_absolute_(14.77,15.92]",0,1.0,,added,9740.0,5.0,lab_neutrophils_absolute_above_15_to_50
labs,neutrophils_absolute,above,(,15.92,17.5,],"labs_neutrophils_absolute_(15.92,17.5]",0,1.0,,added,9685.0,5.0,lab_neutrophils_absolute_above_15_to_50
labs,neutrophils_absolute,above,(,17.5,19.79,],"labs_neutrophils_absolute_(17.5,19.79]",0,1.0,,added,9731.0,5.0,lab_neutrophils_absolute_above_15_to_50
labs,neutrophils_absolute,above,(,19.79,23.97,],"labs_neutrophils_absolute_(19.79,23.97]",0,1.0,,added,9675.0,5.0,lab_neutrophils_absolute_above_15_to_50
labs,neutrophils_absolute,above,(,23.97,49.99,],"labs_neutrophils_absolute_(23.97,49.99]",0,1.0,,added,9670.0,5.0,lab_neutrophils_absolute_above_15_to_50
labs,pco2_arterial,below,[,1.8,24.7,],"labs_pco2_arterial_[1.8,24.7]",0,,,,,,
labs,pco2_arterial,below,(,24.7,28.5,],"labs_pco2_arterial_(24.7,28.5]",0,,,,,,
labs,pco2_arterial,below,(,28.5,31.9,],"labs_pco2_arterial_(28.5,31.9]",0,,,,,,
labs,pco2_arterial,below,(,31.9,34.0,],"labs_pco2_arterial_(31.9,34.0]",0,,,,,,
labs,pco2_arterial,below,(,34.0,35.0,],"labs_pco2_arterial_(34.0,35.0]",0,,,,,,
labs,pco2_arterial,normal,(,35.0,37.0,],"labs_pco2_arterial_(35.0,37.0]",0,,,,,,
labs,pco2_arterial,normal,(,37.0,39.0,],"labs_pco2_arterial_(37.0,39.0]",0,,,,,,
labs,pco2_arterial,normal,(,39.0,41.0,],"labs_pco2_arterial_(39.0,41.0]",0,,,,,,
labs,pco2_arterial,normal,(,41.0,43.0,],"labs_pco2_arterial_(41.0,43.0]",0,,,,,,
labs,pco2_arterial,normal,(,43.0,45.0,],"labs_pco2_arterial_(43.0,45.0]",0,,,,,,
labs,pco2_arterial,above,(,45.0,46.9,],"labs_pco2_arterial_(45.0,46.9]",0,,,,,,
labs,pco2_arterial,above,(,46.9,49.0,],"labs_pco2_arterial_(46.9,49.0]",0,,,,,,
labs,pco2_arterial,above,(,49.0,53.0,],"labs_pco2_arterial_(49.0,53.0]",0,,,,,,
labs,pco2_arterial,above,(,53.0,61.0,],"labs_pco2_arterial_(53.0,61.0]",0,,,,,,
labs,pco2_arterial,above,(,61.0,63.0,],"labs_pco2_arterial_(61.0,63.0]",0,1.0,,added,2510.0,5.0,lab_pco2_arterial_above_61_to_249
labs,pco2_arterial,above,(,63.0,67.0,],"labs_pco2_arterial_(63.0,67.0]",0,1.0,,added,3158.0,5.0,lab_pco2_arterial_above_61_to_249
labs,pco2_arterial,above,(,67.0,73.0,],"labs_pco2_arterial_(67.0,73.0]",0,1.0,,added,2930.0,5.0,lab_pco2_arterial_above_61_to_249
labs,pco2_arterial,above,(,73.0,83.0,],"labs_pco2_arterial_(73.0,83.0]",0,1.0,,added,2648.0,5.0,lab_pco2_arterial_above_61_to_249
labs,pco2_arterial,above,(,83.0,249.0,],"labs_pco2_arterial_(83.0,249.0]",0,1.0,,added,2423.0,5.0,lab_pco2_arterial_above_61_to_249
labs,pco2_venous,below,[,2.49,24.9,],"labs_pco2_venous_[2.49,24.9]",0,,,,,,
labs,pco2_venous,below,(,24.9,28.0,],"labs_pco2_venous_(24.9,28.0]",0,,,,,,
labs,pco2_venous,below,(,28.0,32.0,],"labs_pco2_venous_(28.0,32.0]",0,,,,,,
labs,pco2_venous,below,(,32.0,36.0,],"labs_pco2_venous_(32.0,36.0]",0,,,,,,
labs,pco2_venous,below,(,36.0,40.0,],"labs_pco2_venous_(36.0,40.0]",0,,,,,,
labs,pco2_venous,normal,(,40.0,41.8,],"labs_pco2_venous_(40.0,41.8]",0,,,,,,
labs,pco2_venous,normal,(,41.8,43.9,],"labs_pco2_venous_(41.8,43.9]",0,,,,,,
labs,pco2_venous,normal,(,43.9,46.0,],"labs_pco2_venous_(43.9,46.0]",0,,,,,,
labs,pco2_venous,normal,(,46.0,48.7,],"labs_pco2_venous_(46.0,48.7]",0,,,,,,
labs,pco2_venous,normal,(,48.7,52.0,],"labs_pco2_venous_(48.7,52.0]",0,,,,,,
labs,pco2_venous,above,(,52.0,54.0,],"labs_pco2_venous_(52.0,54.0]",0,,,,,,
labs,pco2_venous,above,(,54.0,56.7,],"labs_pco2_venous_(54.0,56.7]",0,,,,,,
labs,pco2_venous,above,(,56.7,60.8,],"labs_pco2_venous_(56.7,60.8]",0,,,,,,
labs,pco2_venous,above,(,60.8,68.0,],"labs_pco2_venous_(60.8,68.0]",0,,,,,,
labs,pco2_venous,above,(,68.0,70.14,],"labs_pco2_venous_(68.0,70.14]",0,1.0,,added,652.0,5.0,lab_pco2_venous_above_68_to_217
labs,pco2_venous,above,(,70.14,74.0,],"labs_pco2_venous_(70.14,74.0]",0,1.0,,added,775.0,5.0,lab_pco2_venous_above_68_to_217
labs,pco2_venous,above,(,74.0,79.0,],"labs_pco2_venous_(74.0,79.0]",0,1.0,,added,709.0,5.0,lab_pco2_venous_above_68_to_217
labs,pco2_venous,above,(,79.0,89.0,],"labs_pco2_venous_(79.0,89.0]",0,1.0,,added,688.0,5.0,lab_pco2_venous_above_68_to_217
labs,pco2_venous,above,(,89.0,217.0,],"labs_pco2_venous_(89.0,217.0]",0,1.0,,added,656.0,5.0,lab_pco2_venous_above_68_to_217
labs,ph_arterial,below,[,6.5,7.09,],"labs_ph_arterial_[6.5,7.09]",0,1.0,,added,2015.0,5.0,lab_ph_arterial_below_6p6_to_7p2
labs,ph_arterial,below,(,7.09,7.151,],"labs_ph_arterial_(7.09,7.151]",0,1.0,,added,2046.0,5.0,lab_ph_arterial_below_6p6_to_7p2
labs,ph_arterial,below,(,7.151,7.185,],"labs_ph_arterial_(7.151,7.185]",0,1.0,,added,2090.0,5.0,lab_ph_arterial_below_6p6_to_7p2
labs,ph_arterial,below,(,7.185,7.209,],"labs_ph_arterial_(7.185,7.209]",0,1.0,,added,2082.0,5.0,lab_ph_arterial_below_6p6_to_7p2
labs,ph_arterial,below,(,7.209,7.226,],"labs_ph_arterial_(7.209,7.226]",0,1.0,,added,2080.0,5.0,lab_ph_arterial_below_6p6_to_7p2
labs,ph_arterial,below,(,7.226,7.28,],"labs_ph_arterial_(7.226,7.28]",0,,,,,,
labs,ph_arterial,below,(,7.28,7.311,],"labs_ph_arterial_(7.28,7.311]",0,,,,,,
labs,ph_arterial,below,(,7.311,7.333,],"labs_ph_arterial_(7.311,7.333]",0,,,,,,
labs,ph_arterial,below,(,7.333,7.35,],"labs_ph_arterial_(7.333,7.35]",0,,,,,,
labs,ph_arterial,normal,(,7.35,7.374,],"labs_ph_arterial_(7.35,7.374]",0,,,,,,
labs,ph_arterial,normal,(,7.374,7.395,],"labs_ph_arterial_(7.374,7.395]",0,,,,,,
labs,ph_arterial,normal,(,7.395,7.413,],"labs_ph_arterial_(7.395,7.413]",0,,,,,,
labs,ph_arterial,normal,(,7.413,7.431,],"labs_ph_arterial_(7.413,7.431]",0,,,,,,
labs,ph_arterial,normal,(,7.431,7.45,],"labs_ph_arterial_(7.431,7.45]",0,,,,,,
labs,ph_arterial,above,(,7.45,7.459,],"labs_ph_arterial_(7.45,7.459]",0,,,,,,
labs,ph_arterial,above,(,7.459,7.471,],"labs_ph_arterial_(7.459,7.471]",0,,,,,,
labs,ph_arterial,above,(,7.471,7.486,],"labs_ph_arterial_(7.471,7.486]",0,,,,,,
labs,ph_arterial,above,(,7.486,7.508,],"labs_ph_arterial_(7.486,7.508]",0,,,,,,
labs,ph_arterial,above,(,7.508,8.136,],"labs_ph_arterial_(7.508,8.136]",0,,,,,,
labs,ph_venous,below,[,6.55,7.081,],"labs_ph_venous_[6.55,7.081]",0,1.0,,added,567.0,5.0,lab_ph_venous_below_6p6_to_7p2
labs,ph_venous,below,(,7.081,7.137,],"labs_ph_venous_(7.081,7.137]",0,1.0,,added,572.0,5.0,lab_ph_venous_below_6p6_to_7p2
labs,ph_venous,below,(,7.137,7.169,],"labs_ph_venous_(7.137,7.169]",0,1.0,,added,586.0,5.0,lab_ph_venous_below_6p6_to_7p2
labs,ph_venous,below,(,7.169,7.192,],"labs_ph_venous_(7.169,7.192]",0,1.0,,added,579.0,5.0,lab_ph_venous_below_6p6_to_7p2
labs,ph_venous,below,(,7.192,7.208,],"labs_ph_venous_(7.192,7.208]",0,1.0,,added,584.0,5.0,lab_ph_venous_below_6p6_to_7p2
labs,ph_venous,below,(,7.208,7.254,],"labs_ph_venous_(7.208,7.254]",0,,,,,,
labs,ph_venous,below,(,7.254,7.28,],"labs_ph_venous_(7.254,7.28]",0,,,,,,
labs,ph_venous,below,(,7.28,7.298,],"labs_ph_venous_(7.28,7.298]",0,,,,,,
labs,ph_venous,below,(,7.298,7.31,],"labs_ph_venous_(7.298,7.31]",0,,,,,,
labs,ph_venous,normal,(,7.31,7.339,],"labs_ph_venous_(7.31,7.339]",0,,,,,,
labs,ph_venous,normal,(,7.339,7.36,],"labs_ph_venous_(7.339,7.36]",0,,,,,,
labs,ph_venous,normal,(,7.36,7.378,],"labs_ph_venous_(7.36,7.378]",0,,,,,,
labs,ph_venous,normal,(,7.378,7.394,],"labs_ph_venous_(7.378,7.394]",0,,,,,,
labs,ph_venous,normal,(,7.394,7.41,],"labs_ph_venous_(7.394,7.41]",0,,,,,,
labs,ph_venous,above,(,7.41,7.42,],"labs_ph_venous_(7.41,7.42]",0,,,,,,
labs,ph_venous,above,(,7.42,7.434,],"labs_ph_venous_(7.42,7.434]",0,,,,,,
labs,ph_venous,above,(,7.434,7.452,],"labs_ph_venous_(7.434,7.452]",0,,,,,,
labs,ph_venous,above,(,7.452,7.48,],"labs_ph_venous_(7.452,7.48]",0,,,,,,
labs,ph_venous,above,(,7.48,7.872,],"labs_ph_venous_(7.48,7.872]",0,,,,,,
labs,phosphate,below,[,0.6,1.7,],"labs_phosphate_[0.6,1.7]",0,,,,,,
labs,phosphate,below,(,1.7,2.0,],"labs_phosphate_(1.7,2.0]",0,,,,,,
labs,phosphate,below,(,2.0,2.1,],"labs_phosphate_(2.0,2.1]",0,,,,,,
labs,phosphate,below,(,2.1,2.2,],"labs_phosphate_(2.1,2.2]",0,,,,,,
labs,phosphate,below,(,2.2,2.3,],"labs_phosphate_(2.2,2.3]",0,,,,,,
labs,phosphate,normal,(,2.3,2.8,],"labs_phosphate_(2.3,2.8]",0,,,,,,
labs,phosphate,normal,(,2.8,3.1,],"labs_phosphate_(2.8,3.1]",0,,,,,,
labs,phosphate,normal,(,3.1,3.5,],"labs_phosphate_(3.1,3.5]",0,,,,,,
labs,phosphate,normal,(,3.5,3.9,],"labs_phosphate_(3.5,3.9]",0,,,,,,
labs,phosphate,normal,(,3.9,4.7,],"labs_phosphate_(3.9,4.7]",0,,,,,,
labs,phosphate,above,(,4.7,4.9,],"labs_phosphate_(4.7,4.9]",0,,,,,,
labs,phosphate,above,(,4.9,5.2,],"labs_phosphate_(4.9,5.2]",0,,,,,,
labs,phosphate,above,(,5.2,5.7,],"labs_phosphate_(5.2,5.7]",0,,,,,,
labs,phosphate,above,(,5.7,6.7,],"labs_phosphate_(5.7,6.7]",0,,,,,,
labs,phosphate,above,(,6.7,15.0,],"labs_phosphate_(6.7,15.0]",0,,,,,,
labs,platelet_count,below,[,0.0,12.0,],"labs_platelet_count_[0.0,12.0]",0,1.0,1.0,added,7515.0,5.0,lab_platelet_count_below_0_to_43
labs,platelet_count,below,(,12.0,20.0,],"labs_platelet_count_(12.0,20.0]",0,1.0,,added,7139.0,5.0,lab_platelet_count_below_0_to_43
labs,platelet_count,below,(,20.0,29.0,],"labs_platelet_count_(20.0,29.0]",0,1.0,,added,7750.0,5.0,lab_platelet_count_below_0_to_43
labs,platelet_count,below,(,29.0,37.0,],"labs_platelet_count_(29.0,37.0]",0,1.0,,added,7904.0,5.0,lab_platelet_count_below_0_to_43
labs,platelet_count,below,(,37.0,43.0,],"labs_platelet_count_(37.0,43.0]",0,1.0,,added,6806.0,5.0,lab_platelet_count_below_0_to_43
labs,platelet_count,below,(,43.0,81.0,],"labs_platelet_count_(43.0,81.0]",0,,,,,,
labs,platelet_count,below,(,81.0,110.0,],"labs_platelet_count_(81.0,110.0]",0,,,,,,
labs,platelet_count,below,(,110.0,133.0,],"labs_platelet_count_(110.0,133.0]",0,,,,,,
labs,platelet_count,below,(,133.0,150.0,],"labs_platelet_count_(133.0,150.0]",0,,,,,,
labs,platelet_count,normal,(,150.0,182.0,],"labs_platelet_count_(150.0,182.0]",0,,,,,,
labs,platelet_count,normal,(,182.0,213.0,],"labs_platelet_count_(182.0,213.0]",0,,,,,,
labs,platelet_count,normal,(,213.0,245.0,],"labs_platelet_count_(213.0,245.0]",0,,,,,,
labs,platelet_count,normal,(,245.0,286.0,],"labs_platelet_count_(245.0,286.0]",0,,,,,,
labs,platelet_count,normal,(,286.0,350.0,],"labs_platelet_count_(286.0,350.0]",0,,,,,,
labs,platelet_count,above,(,350.0,372.0,],"labs_platelet_count_(350.0,372.0]",0,,,,,,
labs,platelet_count,above,(,372.0,400.0,],"labs_platelet_count_(372.0,400.0]",0,,,,,,
labs,platelet_count,above,(,400.0,442.0,],"labs_platelet_count_(400.0,442.0]",0,,,,,,
labs,platelet_count,above,(,442.0,513.0,],"labs_platelet_count_(442.0,513.0]",0,,,,,,
labs,platelet_count,above,(,513.0,1997.0,],"labs_platelet_count_(513.0,1997.0]",0,,,,,,
labs,po2_arterial,below,[,6.9,58.0,],"labs_po2_arterial_[6.9,58.0]",0,1.0,,,,,
labs,po2_arterial,below,(,58.0,66.0,],"labs_po2_arterial_(58.0,66.0]",0,,,,,,
labs,po2_arterial,below,(,66.0,71.0,],"labs_po2_arterial_(66.0,71.0]",0,,,,,,
labs,po2_arterial,below,(,71.0,76.0,],"labs_po2_arterial_(71.0,76.0]",0,,,,,,
labs,po2_arterial,below,(,76.0,80.0,],"labs_po2_arterial_(76.0,80.0]",0,,,,,,
labs,po2_arterial,normal,(,80.0,83.0,],"labs_po2_arterial_(80.0,83.0]",0,,,,,,
labs,po2_arterial,normal,(,83.0,87.0,],"labs_po2_arterial_(83.0,87.0]",0,,,,,,
labs,po2_arterial,normal,(,87.0,91.0,],"labs_po2_arterial_(87.0,91.0]",0,,,,,,
labs,po2_arterial,normal,(,91.0,96.0,],"labs_po2_arterial_(91.0,96.0]",0,,,,,,
labs,po2_arterial,normal,(,96.0,100.0,],"labs_po2_arterial_(96.0,100.0]",0,,,,,,
labs,po2_arterial,above,(,100.0,118.0,],"labs_po2_arterial_(100.0,118.0]",0,,,,,,
labs,po2_arterial,above,(,118.0,141.0,],"labs_po2_arterial_(118.0,141.0]",0,,,,,,
labs,po2_arterial,above,(,141.0,168.0,],"labs_po2_arterial_(141.0,168.0]",0,,,,,,
labs,po2_arterial,above,(,168.0,209.0,],"labs_po2_arterial_(168.0,209.0]",0,,,,,,
labs,po2_arterial,above,(,209.0,226.0,],"labs_po2_arterial_(209.0,226.0]",0,1.0,,added,5162.0,5.0,lab_po2_arterial_above_209_to_678
labs,po2_arterial,above,(,226.0,254.0,],"labs_po2_arterial_(226.0,254.0]",0,1.0,,added,5465.0,5.0,lab_po2_arterial_above_209_to_678
labs,po2_arterial,above,(,254.0,304.0,],"labs_po2_arterial_(254.0,304.0]",0,1.0,,added,5209.0,5.0,lab_po2_arterial_above_209_to_678
labs,po2_arterial,above,(,304.0,392.0,],"labs_po2_arterial_(304.0,392.0]",0,1.0,,added,5169.0,5.0,lab_po2_arterial_above_209_to_678
labs,po2_arterial,above,(,392.0,678.0,],"labs_po2_arterial_(392.0,678.0]",0,1.0,,added,5171.0,5.0,lab_po2_arterial_above_209_to_678
labs,potassium,below,[,1.1,3.1,],"labs_potassium_[1.1,3.1]",0,,,,,,
labs,potassium,below,(,3.1,3.3,],"labs_potassium_(3.1,3.3]",0,,,,,,
labs,potassium,below,(,3.3,3.4,],"labs_potassium_(3.3,3.4]",0,,,,,,
labs,potassium,below,(,3.4,3.5,],"labs_potassium_(3.4,3.5]",0,,,,,,
labs,potassium,normal,(,3.5,3.8,],"labs_potassium_(3.5,3.8]",0,,,,,,
labs,potassium,normal,(,3.8,4.0,],"labs_potassium_(3.8,4.0]",0,,,,,,
labs,potassium,normal,(,4.0,4.2,],"labs_potassium_(4.0,4.2]",0,,,,,,
labs,potassium,normal,(,4.2,4.4,],"labs_potassium_(4.2,4.4]",0,,,,,,
labs,potassium,normal,(,4.4,5.0,],"labs_potassium_(4.4,5.0]",0,,,,,,
labs,potassium,above,(,5.0,5.1,],"labs_potassium_(5.0,5.1]",0,,,,,,
labs,potassium,above,(,5.1,5.2,],"labs_potassium_(5.1,5.2]",0,,,,,,
labs,potassium,above,(,5.2,5.4,],"labs_potassium_(5.2,5.4]",0,,,,,,
labs,potassium,above,(,5.4,5.7,],"labs_potassium_(5.4,5.7]",0,,,,,,
labs,potassium,above,(,5.7,5.8,],"labs_potassium_(5.7,5.8]",0,1.0,,added,4087.0,5.0,lab_potassium_above_6_to_11
labs,potassium,above,(,5.8,5.9,],"labs_potassium_(5.8,5.9]",0,1.0,,added,3225.0,5.0,lab_potassium_above_6_to_11
labs,potassium,above,(,5.9,6.2,],"labs_potassium_(5.9,6.2]",0,1.0,,added,4375.0,5.0,lab_potassium_above_6_to_11
labs,potassium,above,(,6.2,6.6,],"labs_potassium_(6.2,6.6]",0,1.0,,added,2924.0,5.0,lab_potassium_above_6_to_11
labs,potassium,above,(,6.6,11.0,],"labs_potassium_(6.6,11.0]",0,1.0,,added,2891.0,5.0,lab_potassium_above_6_to_11
labs,procalcitonin,normal,[,0.0,0.02,],"labs_procalcitonin_[0.0,0.02]",0,,,,,,
labs,procalcitonin,normal,(,0.02,0.03,],"labs_procalcitonin_(0.02,0.03]",0,,,,,,
labs,procalcitonin,normal,(,0.03,0.04,],"labs_procalcitonin_(0.03,0.04]",0,,,,,,
labs,procalcitonin,normal,(,0.04,0.05,],"labs_procalcitonin_(0.04,0.05]",0,,,,,,
labs,procalcitonin,above,(,0.05,0.14,],"labs_procalcitonin_(0.05,0.14]",0,,,,,,
labs,procalcitonin,above,(,0.14,0.32,],"labs_procalcitonin_(0.14,0.32]",0,,,,,,
labs,procalcitonin,above,(,0.32,0.87,],"labs_procalcitonin_(0.32,0.87]",0,,,,,,
labs,procalcitonin,above,(,0.87,2.87,],"labs_procalcitonin_(0.87,2.87]",0,,,,,,
labs,procalcitonin,above,(,2.87,955.73,],"labs_procalcitonin_(2.87,955.73]",0,1.0,1.0,added,378.0,1.0,lab_procalcitonin_above_3_to_956
labs,ptt,below,[,1.9,22.3,],"labs_ptt_[1.9,22.3]",0,,,,,,
labs,ptt,below,(,22.3,23.4,],"labs_ptt_(22.3,23.4]",0,,,,,,
labs,ptt,below,(,23.4,24.0,],"labs_ptt_(23.4,24.0]",0,,,,,,
labs,ptt,below,(,24.0,24.6,],"labs_ptt_(24.0,24.6]",0,,,,,,
labs,ptt,below,(,24.6,25.0,],"labs_ptt_(24.6,25.0]",0,,,,,,
labs,ptt,normal,(,25.0,27.0,],"labs_ptt_(25.0,27.0]",0,,,,,,
labs,ptt,normal,(,27.0,28.7,],"labs_ptt_(27.0,28.7]",0,,,,,,
labs,ptt,normal,(,28.7,30.8,],"labs_ptt_(28.7,30.8]",0,,,,,,
labs,ptt,normal,(,30.8,33.9,],"labs_ptt_(30.8,33.9]",0,,,,,,
labs,ptt,normal,(,33.9,40.0,],"labs_ptt_(33.9,40.0]",0,,,,,,
labs,ptt,above,(,40.0,45.8,],"labs_ptt_(40.0,45.8]",0,,,,,,
labs,ptt,above,(,45.8,52.2,],"labs_ptt_(45.8,52.2]",0,,,,,,
labs,ptt,above,(,52.2,59.2,],"labs_ptt_(52.2,59.2]",0,,,,,,
labs,ptt,above,(,59.2,70.5,],"labs_ptt_(59.2,70.5]",0,,,,,,
labs,ptt,above,(,70.5,74.0,],"labs_ptt_(70.5,74.0]",0,1.0,,added,3646.0,5.0,lab_ptt_above_70_to_186
labs,ptt,above,(,74.0,78.7,],"labs_ptt_(74.0,78.7]",0,1.0,,added,3620.0,5.0,lab_ptt_above_70_to_186
labs,ptt,above,(,78.7,86.0,],"labs_ptt_(78.7,86.0]",0,1.0,,added,3598.0,5.0,lab_ptt_above_70_to_186
labs,ptt,above,(,86.0,100.8,],"labs_ptt_(86.0,100.8]",0,1.0,,added,3598.0,5.0,lab_ptt_above_70_to_186
labs,ptt,above,(,100.8,186.0,],"labs_ptt_(100.8,186.0]",0,1.0,,added,3557.0,5.0,lab_ptt_above_70_to_186
labs,so2_arterial,below,[,3.2,76.6,],"labs_so2_arterial_[3.2,76.6]",0,,,,,,
labs,so2_arterial,below,(,76.6,83.9,],"labs_so2_arterial_(76.6,83.9]",0,,,,,,
labs,so2_arterial,below,(,83.9,87.1,],"labs_so2_arterial_(83.9,87.1]",0,,,,,,
labs,so2_arterial,below,(,87.1,88.9,],"labs_so2_arterial_(87.1,88.9]",0,,,,,,
labs,so2_arterial,below,(,88.9,90.0,],"labs_so2_arterial_(88.9,90.0]",0,,,,,,
labs,so2_arterial,normal,(,90.0,95.6,],"labs_so2_arterial_(90.0,95.6]",0,,,,,,
labs,so2_arterial,normal,(,95.6,97.7,],"labs_so2_arterial_(95.6,97.7]",0,,,,,,
labs,so2_arterial,normal,(,97.7,98.8,],"labs_so2_arterial_(97.7,98.8]",0,,,,,,
labs,so2_arterial,normal,(,98.8,99.3,],"labs_so2_arterial_(98.8,99.3]",0,,,,,,
labs,so2_arterial,normal,(,99.3,100.0,],"labs_so2_arterial_(99.3,100.0]",0,,,,,,
labs,so2_central_venous,below,[,2.9,37.6,],"labs_so2_central_venous_[2.9,37.6]",0,,,,,,
labs,so2_central_venous,below,(,37.6,47.5,],"labs_so2_central_venous_(37.6,47.5]",0,,,,,,
labs,so2_central_venous,below,(,47.5,53.0,],"labs_so2_central_venous_(47.5,53.0]",0,,,,,,
labs,so2_central_venous,below,(,53.0,57.0,],"labs_so2_central_venous_(53.0,57.0]",0,,,,,,
labs,so2_central_venous,below,(,57.0,60.0,],"labs_so2_central_venous_(57.0,60.0]",0,,,,,,
labs,so2_central_venous,normal,(,60.0,62.8,],"labs_so2_central_venous_(60.0,62.8]",0,,,,,,
labs,so2_central_venous,normal,(,62.8,65.5,],"labs_so2_central_venous_(62.8,65.5]",0,,,,,,
labs,so2_central_venous,normal,(,65.5,68.3,],"labs_so2_central_venous_(65.5,68.3]",0,,,,,,
labs,so2_central_venous,normal,(,68.3,71.4,],"labs_so2_central_venous_(68.3,71.4]",0,,,,,,
labs,so2_central_venous,normal,(,71.4,75.0,],"labs_so2_central_venous_(71.4,75.0]",0,,,,,,
labs,so2_central_venous,above,(,75.0,78.1,],"labs_so2_central_venous_(75.0,78.1]",0,,,,,,
labs,so2_central_venous,above,(,78.1,82.3,],"labs_so2_central_venous_(78.1,82.3]",0,,,,,,
labs,so2_central_venous,above,(,82.3,87.0,],"labs_so2_central_venous_(82.3,87.0]",0,,,,,,
labs,so2_central_venous,above,(,87.0,93.0,],"labs_so2_central_venous_(87.0,93.0]",0,,,,,,
labs,so2_central_venous,above,(,93.0,100.0,],"labs_so2_central_venous_(93.0,100.0]",0,,,,,,
labs,sodium,below,[,97.9,124.0,],"labs_sodium_[97.9,124.0]",0,1.0,,added,7666.0,5.0,lab_sodium_below_98_to_130
labs,sodium,below,(,124.0,127.0,],"labs_sodium_(124.0,127.0]",0,1.0,,added,10028.0,5.0,lab_sodium_below_98_to_130
labs,sodium,below,(,127.0,129.0,],"labs_sodium_(127.0,129.0]",0,1.0,,added,14021.0,5.0,lab_sodium_below_98_to_130
labs,sodium,below,(,130.0,133.0,],"labs_sodium_(130.0,133.0]",0,,,,,,
labs,sodium,below,[,130.0,130.0,],"labs_sodium_[130.0,130.0]",1,1.0,,added,8390.0,5.0,lab_sodium_below_98_to_130
labs,sodium,below,(,133.0,134.0,],"labs_sodium_(133.0,134.0]",0,,,,,,
labs,sodium,below,(,134.0,135.0,],"labs_sodium_(134.0,135.0]",0,,,,,,
labs,sodium,normal,(,135.0,137.0,],"labs_sodium_(135.0,137.0]",0,,,,,,
labs,sodium,normal,(,137.0,138.0,],"labs_sodium_(137.0,138.0]",0,,,,,,
labs,sodium,normal,(,138.0,139.0,],"labs_sodium_(138.0,139.0]",0,,,,,,
labs,sodium,normal,(,139.0,141.0,],"labs_sodium_(139.0,141.0]",0,,,,,,
labs,sodium,normal,(,141.0,145.0,],"labs_sodium_(141.0,145.0]",0,,,,,,
labs,sodium,above,(,145.0,146.0,],"labs_sodium_(145.0,146.0]",0,,,,,,
labs,sodium,above,(,146.0,148.0,],"labs_sodium_(146.0,148.0]",0,,,,,,
labs,sodium,above,(,148.0,150.0,),"labs_sodium_(148.0,150.0)",0,,,,,,
labs,sodium,above,[,150.0,150.0,],"labs_sodium_[150.0,150.0]",1,1.0,,added,3628.0,5.0,lab_sodium_above_150_to_191
labs,sodium,above,(,150.0,151.0,],"labs_sodium_(150.0,151.0]",0,1.0,,added,6295.0,5.0,lab_sodium_above_150_to_191
labs,sodium,above,(,151.0,153.0,],"labs_sodium_(151.0,153.0]",0,1.0,,added,6135.0,5.0,lab_sodium_above_150_to_191
labs,sodium,above,(,153.0,156.0,],"labs_sodium_(153.0,156.0]",0,1.0,,added,4037.0,5.0,lab_sodium_above_150_to_191
labs,sodium,above,(,156.0,191.0,],"labs_sodium_(156.0,191.0]",0,1.0,,added,3176.0,5.0,lab_sodium_above_150_to_191
labs,total_protein,below,[,0.8,4.8,],"labs_total_protein_[0.8,4.8]",0,,,,,,
labs,total_protein,below,(,4.8,5.2,],"labs_total_protein_(4.8,5.2]",0,,,,,,
labs,total_protein,below,(,5.2,5.5,],"labs_total_protein_(5.2,5.5]",0,,,,,,
labs,total_protein,below,(,5.5,5.8,],"labs_total_protein_(5.5,5.8]",0,,,,,,
labs,total_protein,below,(,5.8,6.0,],"labs_total_protein_(5.8,6.0]",0,,,,,,
labs,total_protein,normal,(,6.0,6.3,],"labs_total_protein_(6.0,6.3]",0,,,,,,
labs,total_protein,normal,(,6.3,6.6,],"labs_total_protein_(6.3,6.6]",0,,,,,,
labs,total_protein,normal,(,6.6,7.0,],"labs_total_protein_(6.6,7.0]",0,,,,,,
labs,total_protein,normal,(,7.0,7.4,],"labs_total_protein_(7.0,7.4]",0,,,,,,
labs,total_protein,normal,(,7.4,8.3,],"labs_total_protein_(7.4,8.3]",0,,,,,,
labs,total_protein,above,(,8.3,8.4,],"labs_total_protein_(8.3,8.4]",0,,,,,,
labs,total_protein,above,(,8.4,8.5,],"labs_total_protein_(8.4,8.5]",0,,,,,,
labs,total_protein,above,(,8.5,8.7,],"labs_total_protein_(8.5,8.7]",0,,,,,,
labs,total_protein,above,(,8.7,9.1,],"labs_total_protein_(8.7,9.1]",0,,,,,,
labs,total_protein,above,(,9.1,18.1,],"labs_total_protein_(9.1,18.1]",0,,,,,,
labs,troponin_i,normal,[,0.01,2.0,],"labs_troponin_i_[0.01,2.0]",0,,,,,,
labs,troponin_i,normal,(,2.0,3.0,],"labs_troponin_i_(2.0,3.0]",0,,,,,,
labs,troponin_i,normal,(,3.0,4.5,],"labs_troponin_i_(3.0,4.5]",0,,,,,,
labs,troponin_i,normal,(,4.5,13.4,],"labs_troponin_i_(4.5,13.4]",0,,,,,,
labs,troponin_i,normal,(,13.4,40.0,],"labs_troponin_i_(13.4,40.0]",0,,,,,,
labs,troponin_i,above,(,40.0,59.8,],"labs_troponin_i_(40.0,59.8]",0,,,,,,
labs,troponin_i,above,(,59.8,97.6,],"labs_troponin_i_(59.8,97.6]",0,,,,,,
labs,troponin_i,above,(,97.6,194.3,],"labs_troponin_i_(97.6,194.3]",0,,,,,,
labs,troponin_i,above,(,194.3,597.4,],"labs_troponin_i_(194.3,597.4]",0,,,,,,
labs,troponin_i,above,(,597.4,860.0,],"labs_troponin_i_(597.4,860.0]",0,1.0,,added,1792.0,5.0,lab_troponin_i_above_597_to_9990
labs,troponin_i,above,(,860.0,1310.0,],"labs_troponin_i_(860.0,1310.0]",0,1.0,,added,1819.0,5.0,lab_troponin_i_above_597_to_9990
labs,troponin_i,above,(,1310.0,2113.3,],"labs_troponin_i_(1310.0,2113.3]",0,1.0,,added,1798.0,5.0,lab_troponin_i_above_597_to_9990
labs,troponin_i,above,(,2113.3,3919.6,],"labs_troponin_i_(2113.3,3919.6]",0,1.0,,added,1788.0,5.0,lab_troponin_i_above_597_to_9990
labs,troponin_i,above,(,3919.6,9990.2,],"labs_troponin_i_(3919.6,9990.2]",0,1.0,,added,1789.0,5.0,lab_troponin_i_above_597_to_9990
labs,wbc,below,[,0.0,0.07,],"labs_wbc_[0.0,0.07]",0,1.0,1.0,added,3734.0,5.0,lab_wbc_below_0_to_1
labs,wbc,below,(,0.07,0.3,],"labs_wbc_(0.07,0.3]",0,1.0,,added,3789.0,5.0,lab_wbc_below_0_to_1
labs,wbc,below,(,0.3,0.83,],"labs_wbc_(0.3,0.83]",0,1.0,,added,3721.0,5.0,lab_wbc_below_0_to_1
labs,wbc,below,(,0.83,1.0,),"labs_wbc_(0.83,1.0)",0,1.0,,added,7236.0,5.0,lab_wbc_below_0_to_1
labs,wbc,below,(,1.0,2.47,],"labs_wbc_(1.0,2.47]",0,,,,,,
labs,wbc,below,[,1.0,1.0,],"labs_wbc_[1.0,1.0]",1,1.0,,added,6296.0,5.0,lab_wbc_below_0_to_1
labs,wbc,below,(,2.47,3.42,],"labs_wbc_(2.47,3.42]",0,,,,,,
labs,wbc,below,(,3.42,4.01,],"labs_wbc_(3.42,4.01]",0,,,,,,
labs,wbc,below,(,4.01,4.5,],"labs_wbc_(4.01,4.5]",0,,,,,,
labs,wbc,normal,(,4.5,5.82,],"labs_wbc_(4.5,5.82]",0,,,,,,
labs,wbc,normal,(,5.82,6.93,],"labs_wbc_(5.82,6.93]",0,,,,,,
labs,wbc,normal,(,6.93,8.06,],"labs_wbc_(6.93,8.06]",0,,,,,,
labs,wbc,normal,(,8.06,9.35,],"labs_wbc_(8.06,9.35]",0,,,,,,
labs,wbc,normal,(,9.35,11.0,],"labs_wbc_(9.35,11.0]",0,,,,,,
labs,wbc,above,(,11.0,12.07,],"labs_wbc_(11.0,12.07]",0,,,,,,
labs,wbc,above,(,12.07,13.49,],"labs_wbc_(12.07,13.49]",0,,,,,,
labs,wbc,above,(,13.49,15.57,],"labs_wbc_(13.49,15.57]",0,,,,,,
labs,wbc,above,(,15.57,19.77,],"labs_wbc_(15.57,19.77]",0,,,,,,
labs,wbc,above,(,19.77,21.35,],"labs_wbc_(19.77,21.35]",0,1.0,,added,9572.0,5.0,lab_wbc_above_20_to_499
labs,wbc,above,(,21.35,23.61,],"labs_wbc_(21.35,23.61]",0,1.0,,added,9599.0,5.0,lab_wbc_above_20_to_499
labs,wbc,above,(,23.61,27.5,],"labs_wbc_(23.61,27.5]",0,1.0,,added,9569.0,5.0,lab_wbc_above_20_to_499
labs,wbc,above,(,27.5,37.38,],"labs_wbc_(27.5,37.38]",0,1.0,,added,9554.0,5.0,lab_wbc_above_20_to_499
labs,wbc,above,(,37.38,498.57,],"labs_wbc_(37.38,498.57]",0,1.0,,added,9549.0,5.0,lab_wbc_above_20_to_499
medications,amiodarone_mg_min,q1,(,0.0,0.5,),"medications_amiodarone_mg_min_(0.0,0.5)",0,,1.0,,,,
medications,amiodarone_mg_min,zero,[,0.0,0.0,],"medications_amiodarone_mg_min_[0.0,0.0]",1,,1.0,zero_token,,,
medications,amiodarone_mg_min,q2,[,0.5,0.5,],"medications_amiodarone_mg_min_[0.5,0.5]",1,,1.0,,,,
medications,amiodarone_mg_min,q6,(,0.5,1.0,],"medications_amiodarone_mg_min_(0.5,1.0]",0,,1.0,,,,
medications,amiodarone_mg_min,q7,(,1.0,99999.0,],"medications_amiodarone_mg_min_(1.0,99999.0]",0,,1.0,,,,
medications,angiotension_ng_kg_min,q0,(,0.0,20.0,],"medications_angiotension_ng_kg_min_(0.0,20.0]",0,,1.0,,,,
medications,angiotension_ng_kg_min,zero,[,0.0,0.0,],"medications_angiotension_ng_kg_min_[0.0,0.0]",1,,1.0,zero_token,,,
medications,angiotension_ng_kg_min,q1,(,20.0,27.5,],"medications_angiotension_ng_kg_min_(20.0,27.5]",0,,1.0,,,,
medications,angiotension_ng_kg_min,q2,(,27.5,35.0,],"medications_angiotension_ng_kg_min_(27.5,35.0]",0,,1.0,,,,
medications,angiotension_ng_kg_min,q3,(,35.0,42.5,],"medications_angiotension_ng_kg_min_(35.0,42.5]",0,,1.0,,,,
medications,angiotension_ng_kg_min,q4,(,42.5,50.0,],"medications_angiotension_ng_kg_min_(42.5,50.0]",0,,1.0,,,,
medications,angiotension_ng_kg_min,q5,(,50.0,57.5,],"medications_angiotension_ng_kg_min_(50.0,57.5]",0,,1.0,,,,
medications,angiotension_ng_kg_min,q6,(,57.5,65.0,],"medications_angiotension_ng_kg_min_(57.5,65.0]",0,,1.0,,,,
medications,angiotension_ng_kg_min,q7,(,65.0,72.5,],"medications_angiotension_ng_kg_min_(65.0,72.5]",0,,1.0,,,,
medications,angiotension_ng_kg_min,q8,(,72.5,80.0,],"medications_angiotension_ng_kg_min_(72.5,80.0]",0,,1.0,,,,
medications,angiotension_ng_kg_min,q9,(,80.0,99999.0,],"medications_angiotension_ng_kg_min_(80.0,99999.0]",0,,1.0,,,,
medications,cisatracurium_mcg_kg_min,q1,(,0.0,2.4,],"medications_cisatracurium_mcg_kg_min_(0.0,2.4]",0,,,,,,
medications,cisatracurium_mcg_kg_min,zero,[,0.0,0.0,],"medications_cisatracurium_mcg_kg_min_[0.0,0.0]",1,,,zero_token,,,
medications,cisatracurium_mcg_kg_min,q2,(,2.4,3.0,),"medications_cisatracurium_mcg_kg_min_(2.4,3.0)",0,,,,,,
medications,cisatracurium_mcg_kg_min,q3,[,3.0,3.0,],"medications_cisatracurium_mcg_kg_min_[3.0,3.0]",1,,,,,,
medications,cisatracurium_mcg_kg_min,q6,(,3.0,3.7,],"medications_cisatracurium_mcg_kg_min_(3.0,3.7]",0,,,,,,
medications,cisatracurium_mcg_kg_min,q7,(,3.7,5.0,],"medications_cisatracurium_mcg_kg_min_(3.7,5.0]",0,,,,,,
medications,cisatracurium_mcg_kg_min,q8,(,5.0,6.5,],"medications_cisatracurium_mcg_kg_min_(5.0,6.5]",0,,,,,,
medications,cisatracurium_mcg_kg_min,q9,(,6.5,37.5,],"medications_cisatracurium_mcg_kg_min_(6.5,37.5]",0,,,,,,
medications,dexmedetomidine_mcg_kg_hr,q0,(,0.0,0.1,),"medications_dexmedetomidine_mcg_kg_hr_(0.0,0.1)",0,,,,,,
medications,dexmedetomidine_mcg_kg_hr,zero,[,0.0,0.0,],"medications_dexmedetomidine_mcg_kg_hr_[0.0,0.0]",1,,,zero_token,,,
medications,dexmedetomidine_mcg_kg_hr,q1,[,0.1,0.2,],"medications_dexmedetomidine_mcg_kg_hr_[0.1,0.2]",0,,,,,,
medications,dexmedetomidine_mcg_kg_hr,q2,(,0.2,0.4,],"medications_dexmedetomidine_mcg_kg_hr_(0.2,0.4]",0,,,,,,
medications,dexmedetomidine_mcg_kg_hr,q3,(,0.4,0.5,],"medications_dexmedetomidine_mcg_kg_hr_(0.4,0.5]",0,,,,,,
medications,dexmedetomidine_mcg_kg_hr,q4,(,0.5,0.6,],"medications_dexmedetomidine_mcg_kg_hr_(0.5,0.6]",0,,,,,,
medications,dexmedetomidine_mcg_kg_hr,q5,(,0.6,0.8,],"medications_dexmedetomidine_mcg_kg_hr_(0.6,0.8]",0,,,,,,
medications,dexmedetomidine_mcg_kg_hr,q6,(,0.8,1.0,],"medications_dexmedetomidine_mcg_kg_hr_(0.8,1.0]",0,,,,,,
medications,dexmedetomidine_mcg_kg_hr,q7,(,1.0,1.2,],"medications_dexmedetomidine_mcg_kg_hr_(1.0,1.2]",0,,,,,,
medications,dexmedetomidine_mcg_kg_hr,q8,(,1.2,1.5,),"medications_dexmedetomidine_mcg_kg_hr_(1.2,1.5)",0,,,,,,
medications,dexmedetomidine_mcg_kg_hr,q9,[,1.5,1.5,],"medications_dexmedetomidine_mcg_kg_hr_[1.5,1.5]",1,1.0,,added,7753.0,5.0,med_dexmedetomidine_q9
medications,dexmedetomidine_mcg_kg_hr,q9,(,1.5,1335.0,],"medications_dexmedetomidine_mcg_kg_hr_(1.5,1335.0]",0,1.0,,added,6949.0,5.0,med_dexmedetomidine_q9
medications,diltiazem_mg_hr,q1,(,0.0,5.0,),"medications_diltiazem_mg_hr_(0.0,5.0)",0,,,,,,
medications,diltiazem_mg_hr,zero,[,0.0,0.0,],"medications_diltiazem_mg_hr_[0.0,0.0]",1,,,zero_token,,,
medications,diltiazem_mg_hr,q2,[,5.0,5.0,],"medications_diltiazem_mg_hr_[5.0,5.0]",1,,,,,,
medications,diltiazem_mg_hr,q4,(,5.0,7.5,],"medications_diltiazem_mg_hr_(5.0,7.5]",0,,,,,,
medications,diltiazem_mg_hr,q5,(,7.5,10.0,),"medications_diltiazem_mg_hr_(7.5,10.0)",0,,,,,,
medications,diltiazem_mg_hr,q6,[,10.0,10.0,],"medications_diltiazem_mg_hr_[10.0,10.0]",1,,,,,,
medications,diltiazem_mg_hr,q7,(,10.0,12.5,],"medications_diltiazem_mg_hr_(10.0,12.5]",0,,,,,,
medications,diltiazem_mg_hr,q8,(,12.5,15.0,),"medications_diltiazem_mg_hr_(12.5,15.0)",0,,,,,,
medications,diltiazem_mg_hr,q9,[,15.0,15.0,],"medications_diltiazem_mg_hr_[15.0,15.0]",1,1.0,,added,702.0,5.0,med_diltiazem_q9
medications,diltiazem_mg_hr,q9,(,15.0,17.5,],"medications_diltiazem_mg_hr_(15.0,17.5]",0,1.0,,added,790.0,5.0,med_diltiazem_q9
medications,diltiazem_mg_hr,q9,(,17.5,73.0,],"medications_diltiazem_mg_hr_(17.5,73.0]",0,1.0,,added,219.0,5.0,med_diltiazem_q9
medications,dobutamine_mcg_kg_min,q1,(,0.0,2.0,],"medications_dobutamine_mcg_kg_min_(0.0,2.0]",0,,,,,,
medications,dobutamine_mcg_kg_min,zero,[,0.0,0.0,],"medications_dobutamine_mcg_kg_min_[0.0,0.0]",1,,,zero_token,,,
medications,dobutamine_mcg_kg_min,q2,(,2.0,2.5,),"medications_dobutamine_mcg_kg_min_(2.0,2.5)",0,,,,,,
medications,dobutamine_mcg_kg_min,q3,[,2.5,2.5,],"medications_dobutamine_mcg_kg_min_[2.5,2.5]",1,,,,,,
medications,dobutamine_mcg_kg_min,q4,(,2.5,3.0,),"medications_dobutamine_mcg_kg_min_(2.5,3.0)",0,,,,,,
medications,dobutamine_mcg_kg_min,q5,[,3.0,3.0,],"medications_dobutamine_mcg_kg_min_[3.0,3.0]",1,,,,,,
medications,dobutamine_mcg_kg_min,q6,(,3.0,4.0,],"medications_dobutamine_mcg_kg_min_(3.0,4.0]",0,,,,,,
medications,dobutamine_mcg_kg_min,q7,(,4.0,5.0,),"medications_dobutamine_mcg_kg_min_(4.0,5.0)",0,,,,,,
medications,dobutamine_mcg_kg_min,q8,[,5.0,5.0,],"medications_dobutamine_mcg_kg_min_[5.0,5.0]",1,,,,,,
medications,dobutamine_mcg_kg_min,q9,(,5.0,10.0,],"medications_dobutamine_mcg_kg_min_(5.0,10.0]",0,,1.0,,,,
medications,dobutamine_mcg_kg_min,q10,(,10.0,15.0,],"medications_dobutamine_mcg_kg_min_(10.0,15.0]",0,,1.0,,,,
medications,dobutamine_mcg_kg_min,q11,(,15.0,20.0,],"medications_dobutamine_mcg_kg_min_(15.0,20.0]",0,,1.0,,,,
medications,dobutamine_mcg_kg_min,q12,(,20.0,99999.0,],"medications_dobutamine_mcg_kg_min_(20.0,99999.0]",0,,1.0,added,1391.0,5.0,med_dobutamine_q9
medications,dopamine_mcg_kg_min,q1,(,0.0,2.0,],"medications_dopamine_mcg_kg_min_(0.0,2.0]",0,,,,,,
medications,dopamine_mcg_kg_min,zero,[,0.0,0.0,],"medications_dopamine_mcg_kg_min_[0.0,0.0]",1,,,zero_token,,,
medications,dopamine_mcg_kg_min,q2,(,2.0,3.0,],"medications_dopamine_mcg_kg_min_(2.0,3.0]",0,,,,,,
medications,dopamine_mcg_kg_min,q3,(,3.0,5.0,),"medications_dopamine_mcg_kg_min_(3.0,5.0)",0,,,,,,
medications,dopamine_mcg_kg_min,q5,[,5.0,5.0,],"medications_dopamine_mcg_kg_min_[5.0,5.0]",1,,,,,,
medications,dopamine_mcg_kg_min,q6,(,5.0,7.5,],"medications_dopamine_mcg_kg_min_(5.0,7.5]",0,,,,,,
medications,dopamine_mcg_kg_min,q7,(,7.5,10.0,],"medications_dopamine_mcg_kg_min_(7.5,10.0]",0,,,,,,
medications,dopamine_mcg_kg_min,q8,(,10.0,15.0,],"medications_dopamine_mcg_kg_min_(10.0,15.0]",0,,,,,,
medications,dopamine_mcg_kg_min,q9,(,15.0,20.0,],"medications_dopamine_mcg_kg_min_(15.0,20.0]",0,,1.0,,,,
medications,dopamine_mcg_kg_min,q10,(,20.0,99999.0,],"medications_dopamine_mcg_kg_min_(20.0,99999.0]",0,1.0,1.0,added,231.0,1.0,med_dopamine_q9
medications,epinephrine_mcg_kg_min,q0,(,0.0,0.011,],"medications_epinephrine_mcg_kg_min_(0.0,0.011]",0,,,,,,
medications,epinephrine_mcg_kg_min,zero,[,0.0,0.0,],"medications_epinephrine_mcg_kg_min_[0.0,0.0]",1,,,zero_token,,,
medications,epinephrine_mcg_kg_min,q1,(,0.011,0.027,],"medications_epinephrine_mcg_kg_min_(0.011,0.027]",0,,,,,,
medications,epinephrine_mcg_kg_min,q2,(,0.027,0.05,],"medications_epinephrine_mcg_kg_min_(0.027,0.05]",0,,,,,,
medications,epinephrine_mcg_kg_min,q3,(,0.05,0.081,],"medications_epinephrine_mcg_kg_min_(0.05,0.081]",0,,,,,,
medications,epinephrine_mcg_kg_min,q4,(,0.081,0.12,],"medications_epinephrine_mcg_kg_min_(0.081,0.12]",0,,,,,,
medications,epinephrine_mcg_kg_min,q5,(,0.12,0.168,],"medications_epinephrine_mcg_kg_min_(0.12,0.168]",0,,,,,,
medications,epinephrine_mcg_kg_min,q6,(,0.168,0.23,],"medications_epinephrine_mcg_kg_min_(0.168,0.23]",0,,,,,,
medications,epinephrine_mcg_kg_min,q7,(,0.23,0.314,],"medications_epinephrine_mcg_kg_min_(0.23,0.314]",0,,,,,,
medications,epinephrine_mcg_kg_min,q8,(,0.314,0.455,],"medications_epinephrine_mcg_kg_min_(0.314,0.455]",0,,,,,,
medications,epinephrine_mcg_kg_min,q9,(,0.455,5.0,],"medications_epinephrine_mcg_kg_min_(0.455,5.0]",0,,,,,,
medications,esmolol_mcg_kg_min,q0,(,0.0,25.0,],"medications_esmolol_mcg_kg_min_(0.0,25.0]",0,,,,,,
medications,esmolol_mcg_kg_min,zero,[,0.0,0.0,],"medications_esmolol_mcg_kg_min_[0.0,0.0]",1,,,zero_token,,,
medications,esmolol_mcg_kg_min,q1,(,25.0,50.0,],"medications_esmolol_mcg_kg_min_(25.0,50.0]",0,,,,,,
medications,esmolol_mcg_kg_min,q2,(,50.0,60.0,],"medications_esmolol_mcg_kg_min_(50.0,60.0]",0,,,,,,
medications,esmolol_mcg_kg_min,q3,(,60.0,100.0,],"medications_esmolol_mcg_kg_min_(60.0,100.0]",0,,,,,,
medications,esmolol_mcg_kg_min,q4,(,100.0,125.0,],"medications_esmolol_mcg_kg_min_(100.0,125.0]",0,,,,,,
medications,esmolol_mcg_kg_min,q5,(,125.0,150.0,],"medications_esmolol_mcg_kg_min_(125.0,150.0]",0,,,,,,
medications,esmolol_mcg_kg_min,q6,(,150.0,200.0,],"medications_esmolol_mcg_kg_min_(150.0,200.0]",0,,,,,,
medications,esmolol_mcg_kg_min,q7,(,200.0,250.0,],"medications_esmolol_mcg_kg_min_(200.0,250.0]",0,,,,,,
medications,esmolol_mcg_kg_min,q8,(,250.0,300.0,],"medications_esmolol_mcg_kg_min_(250.0,300.0]",0,,,,,,
medications,esmolol_mcg_kg_min,q9,(,300.0,500.0,],"medications_esmolol_mcg_kg_min_(300.0,500.0]",0,,,,,,
medications,fentanyl_mcg_kg_hr,q0,(,0.0,0.147,],"medications_fentanyl_mcg_kg_hr_(0.0,0.147]",0,,,,,,
medications,fentanyl_mcg_kg_hr,zero,[,0.0,0.0,],"medications_fentanyl_mcg_kg_hr_[0.0,0.0]",1,,,zero_token,,,
medications,fentanyl_mcg_kg_hr,q1,(,0.147,0.378,],"medications_fentanyl_mcg_kg_hr_(0.147,0.378]",0,,,,,,
medications,fentanyl_mcg_kg_hr,q2,(,0.378,0.63,],"medications_fentanyl_mcg_kg_hr_(0.378,0.63]",0,,,,,,
medications,fentanyl_mcg_kg_hr,q3,(,0.63,0.897,],"medications_fentanyl_mcg_kg_hr_(0.63,0.897]",0,,,,,,
medications,fentanyl_mcg_kg_hr,q4,(,0.897,1.185,],"medications_fentanyl_mcg_kg_hr_(0.897,1.185]",0,,,,,,
medications,fentanyl_mcg_kg_hr,q5,(,1.185,1.522,],"medications_fentanyl_mcg_kg_hr_(1.185,1.522]",0,,,,,,
medications,fentanyl_mcg_kg_hr,q6,(,1.522,1.928,],"medications_fentanyl_mcg_kg_hr_(1.522,1.928]",0,,,,,,
medications,fentanyl_mcg_kg_hr,q7,(,1.928,2.451,],"medications_fentanyl_mcg_kg_hr_(1.928,2.451]",0,,,,,,
medications,fentanyl_mcg_kg_hr,q8,(,2.451,3.212,],"medications_fentanyl_mcg_kg_hr_(2.451,3.212]",0,,,,,,
medications,fentanyl_mcg_kg_hr,q9,(,3.212,214.176,],"medications_fentanyl_mcg_kg_hr_(3.212,214.176]",0,,,,,,
medications,hydromorphone_mg_hr,q0,(,0.0,0.5,],"medications_hydromorphone_mg_hr_(0.0,0.5]",0,,,,,,
medications,hydromorphone_mg_hr,zero,[,0.0,0.0,],"medications_hydromorphone_mg_hr_[0.0,0.0]",1,,,zero_token,,,
medications,hydromorphone_mg_hr,q1,(,0.5,1.0,],"medications_hydromorphone_mg_hr_(0.5,1.0]",0,,,,,,
medications,hydromorphone_mg_hr,q2,(,1.0,1.5,],"medications_hydromorphone_mg_hr_(1.0,1.5]",0,,,,,,
medications,hydromorphone_mg_hr,q3,(,1.5,2.0,],"medications_hydromorphone_mg_hr_(1.5,2.0]",0,,,,,,
medications,hydromorphone_mg_hr,q4,(,2.0,2.5,],"medications_hydromorphone_mg_hr_(2.0,2.5]",0,,,,,,
medications,hydromorphone_mg_hr,q5,(,2.5,3.0,],"medications_hydromorphone_mg_hr_(2.5,3.0]",0,,,,,,
medications,hydromorphone_mg_hr,q6,(,3.0,4.0,],"medications_hydromorphone_mg_hr_(3.0,4.0]",0,,,,,,
medications,hydromorphone_mg_hr,q7,(,4.0,5.0,],"medications_hydromorphone_mg_hr_(4.0,5.0]",0,,,,,,
medications,hydromorphone_mg_hr,q8,(,5.0,6.0,),"medications_hydromorphone_mg_hr_(5.0,6.0)",0,,,,,,
medications,hydromorphone_mg_hr,q9,[,6.0,6.0,],"medications_hydromorphone_mg_hr_[6.0,6.0]",1,1.0,,added,1183.0,5.0,med_hydromorphone_q9
medications,hydromorphone_mg_hr,q9,(,6.0,8.0,],"medications_hydromorphone_mg_hr_(6.0,8.0]",0,1.0,,added,1518.0,5.0,med_hydromorphone_q9
medications,hydromorphone_mg_hr,q9,(,8.0,40.0,],"medications_hydromorphone_mg_hr_(8.0,40.0]",0,1.0,,added,359.0,5.0,med_hydromorphone_q9
medications,ketamine_mcg_kg_hr,q0,(,0.0,69.32,],"medications_ketamine_mcg_kg_hr_(0.0,69.32]",0,,,,,,
medications,ketamine_mcg_kg_hr,zero,[,0.0,0.0,],"medications_ketamine_mcg_kg_hr_[0.0,0.0]",1,,,zero_token,,,
medications,ketamine_mcg_kg_hr,q1,(,69.32,189.23,],"medications_ketamine_mcg_kg_hr_(69.32,189.23]",0,,,,,,
medications,ketamine_mcg_kg_hr,q2,(,189.23,254.77,],"medications_ketamine_mcg_kg_hr_(189.23,254.77]",0,,,,,,
medications,ketamine_mcg_kg_hr,q3,(,254.77,342.68,],"medications_ketamine_mcg_kg_hr_(254.77,342.68]",0,,,,,,
medications,ketamine_mcg_kg_hr,q4,(,342.68,423.73,],"medications_ketamine_mcg_kg_hr_(342.68,423.73]",0,,,,,,
medications,ketamine_mcg_kg_hr,q5,(,423.73,503.92,],"medications_ketamine_mcg_kg_hr_(423.73,503.92]",0,,,,,,
medications,ketamine_mcg_kg_hr,q6,(,503.92,722.89,],"medications_ketamine_mcg_kg_hr_(503.92,722.89]",0,,,,,,
medications,ketamine_mcg_kg_hr,q7,(,722.89,1194.28,],"medications_ketamine_mcg_kg_hr_(722.89,1194.28]",0,,,,,,
medications,ketamine_mcg_kg_hr,q8,(,1194.28,1810.0,],"medications_ketamine_mcg_kg_hr_(1194.28,1810.0]",0,,,,,,
medications,ketamine_mcg_kg_hr,q9,(,1810.0,42350.0,],"medications_ketamine_mcg_kg_hr_(1810.0,42350.0]",0,,,,,,
medications,labetalol_mg_min,q1,(,0.0,1.0,],"medications_labetalol_mg_min_(0.0,1.0]",0,,,,,,
medications,labetalol_mg_min,zero,[,0.0,0.0,],"medications_labetalol_mg_min_[0.0,0.0]",1,,,zero_token,,,
medications,labetalol_mg_min,q2,(,1.0,1.5,],"medications_labetalol_mg_min_(1.0,1.5]",0,,,,,,
medications,labetalol_mg_min,q4,[,2.0,2.0,],"medications_labetalol_mg_min_[2.0,2.0]",1,,,,,,
medications,labetalol_mg_min,q5,(,2.0,2.5,],"medications_labetalol_mg_min_(2.0,2.5]",0,,,,,,
medications,labetalol_mg_min,q6,(,2.5,3.0,],"medications_labetalol_mg_min_(2.5,3.0]",0,,,,,,
medications,labetalol_mg_min,q7,(,3.0,4.0,],"medications_labetalol_mg_min_(3.0,4.0]",0,,,,,,
medications,labetalol_mg_min,q8,(,4.0,5.0,],"medications_labetalol_mg_min_(4.0,5.0]",0,,,,,,
medications,labetalol_mg_min,q9,(,5.0,10.0,],"medications_labetalol_mg_min_(5.0,10.0]",0,,,,,,
medications,lidocaine_mg_min,q1,(,0.0,0.5,),"medications_lidocaine_mg_min_(0.0,0.5)",0,,,,,,
medications,lidocaine_mg_min,zero,[,0.0,0.0,],"medications_lidocaine_mg_min_[0.0,0.0]",1,,,zero_token,,,
medications,lidocaine_mg_min,q2,[,0.5,0.5,],"medications_lidocaine_mg_min_[0.5,0.5]",1,,,,,,
medications,lidocaine_mg_min,q3,(,0.5,1.0,),"medications_lidocaine_mg_min_(0.5,1.0)",0,,,,,,
medications,lidocaine_mg_min,q4,[,1.0,1.0,],"medications_lidocaine_mg_min_[1.0,1.0]",1,,,,,,
medications,lidocaine_mg_min,q8,(,1.0,2.0,],"medications_lidocaine_mg_min_(1.0,2.0]",0,,,,,,
medications,lidocaine_mg_min,q9,(,2.0,99999.0,],"medications_lidocaine_mg_min_(2.0,99999.0]",0,1.0,1.0,added,160.0,1.0,med_lidocaine_q9
medications,lorazepam_mg_hr,zero,[,0.0,0.0,],"medications_lorazepam_mg_hr_[0.0,0.0]",1,,,zero_token,,,
medications,lorazepam_mg_hr,q2,[,1.0,1.0,],"medications_lorazepam_mg_hr_[1.0,1.0]",1,,,,,,
medications,lorazepam_mg_hr,q3,(,1.0,2.0,],"medications_lorazepam_mg_hr_(1.0,2.0]",0,,,,,,
medications,lorazepam_mg_hr,q4,(,2.0,3.0,],"medications_lorazepam_mg_hr_(2.0,3.0]",0,,,,,,
medications,lorazepam_mg_hr,q5,(,3.0,3.5,],"medications_lorazepam_mg_hr_(3.0,3.5]",0,,,,,,
medications,lorazepam_mg_hr,q6,(,3.5,4.5,],"medications_lorazepam_mg_hr_(3.5,4.5]",0,,,,,,
medications,lorazepam_mg_hr,q7,(,4.5,6.0,],"medications_lorazepam_mg_hr_(4.5,6.0]",0,,,,,,
medications,lorazepam_mg_hr,q8,(,6.0,8.0,],"medications_lorazepam_mg_hr_(6.0,8.0]",0,,,,,,
medications,lorazepam_mg_hr,q9,(,8.0,20.0,],"medications_lorazepam_mg_hr_(8.0,20.0]",0,,,,,,
medications,midazolam_mg_hr,q0,(,0.0,0.5,],"medications_midazolam_mg_hr_(0.0,0.5]",0,,,,,,
medications,midazolam_mg_hr,zero,[,0.0,0.0,],"medications_midazolam_mg_hr_[0.0,0.0]",1,,,zero_token,,,
medications,midazolam_mg_hr,q1,(,0.5,2.0,],"medications_midazolam_mg_hr_(0.5,2.0]",0,,,,,,
medications,midazolam_mg_hr,q2,(,2.0,3.0,],"medications_midazolam_mg_hr_(2.0,3.0]",0,,,,,,
medications,midazolam_mg_hr,q3,(,3.0,5.0,],"medications_midazolam_mg_hr_(3.0,5.0]",0,,,,,,
medications,midazolam_mg_hr,q4,(,5.0,6.0,],"medications_midazolam_mg_hr_(5.0,6.0]",0,,,,,,
medications,midazolam_mg_hr,q5,(,6.0,8.0,],"medications_midazolam_mg_hr_(6.0,8.0]",0,,,,,,
medications,midazolam_mg_hr,q6,(,8.0,10.9,],"medications_midazolam_mg_hr_(8.0,10.9]",0,,,,,,
medications,midazolam_mg_hr,q7,(,10.9,15.0,],"medications_midazolam_mg_hr_(10.9,15.0]",0,,,,,,
medications,midazolam_mg_hr,q8,(,15.0,26.3,],"medications_midazolam_mg_hr_(15.0,26.3]",0,,,,,,
medications,midazolam_mg_hr,q9,(,26.3,31.6,],"medications_midazolam_mg_hr_(26.3,31.6]",0,1.0,,added,318.0,5.0,med_midazolam_q9
medications,midazolam_mg_hr,q9,(,31.6,44.1,],"medications_midazolam_mg_hr_(31.6,44.1]",0,1.0,,added,320.0,5.0,med_midazolam_q9
medications,midazolam_mg_hr,q9,(,44.1,62.2,],"medications_midazolam_mg_hr_(44.1,62.2]",0,1.0,,added,318.0,5.0,med_midazolam_q9
medications,midazolam_mg_hr,q9,(,62.2,97.3,],"medications_midazolam_mg_hr_(62.2,97.3]",0,1.0,,added,316.0,5.0,med_midazolam_q9
medications,midazolam_mg_hr,q9,(,97.3,1657.4,],"medications_midazolam_mg_hr_(97.3,1657.4]",0,1.0,,added,320.0,5.0,med_midazolam_q9
medications,milrinone_mcg_kg_min,q0,(,0.0,0.125,),"medications_milrinone_mcg_kg_min_(0.0,0.125)",0,,,,,,
medications,milrinone_mcg_kg_min,zero,[,0.0,0.0,],"medications_milrinone_mcg_kg_min_[0.0,0.0]",1,,,zero_token,,,
medications,milrinone_mcg_kg_min,q1,[,0.125,0.125,],"medications_milrinone_mcg_kg_min_[0.125,0.125]",1,,,,,,
medications,milrinone_mcg_kg_min,q2,(,0.125,0.25,),"medications_milrinone_mcg_kg_min_(0.125,0.25)",0,,,,,,
medications,milrinone_mcg_kg_min,q3,[,0.25,0.25,],"medications_milrinone_mcg_kg_min_[0.25,0.25]",0,,,,,,
medications,milrinone_mcg_kg_min,q6,(,0.25,0.375,),"medications_milrinone_mcg_kg_min_(0.25,0.375)",0,,,,,,
medications,milrinone_mcg_kg_min,q7,[,0.375,0.375,],"medications_milrinone_mcg_kg_min_[0.375,0.375]",1,,,,,,
medications,milrinone_mcg_kg_min,q8,(,0.375,0.5,),"medications_milrinone_mcg_kg_min_(0.375,0.5)",0,,,,,,
medications,milrinone_mcg_kg_min,q9,[,0.5,0.5,],"medications_milrinone_mcg_kg_min_[0.5,0.5]",1,1.0,,added,4207.0,5.0,med_milrinone_q9
medications,milrinone_mcg_kg_min,q9,(,0.5,800.0,],"medications_milrinone_mcg_kg_min_(0.5,800.0]",0,1.0,,added,4836.0,5.0,med_milrinone_q9
medications,nicardipine_mg_hr,q1,(,0.0,2.5,],"medications_nicardipine_mg_hr_(0.0,2.5]",0,,,,,,
medications,nicardipine_mg_hr,zero,[,0.0,0.0,],"medications_nicardipine_mg_hr_[0.0,0.0]",1,,,zero_token,,,
medications,nicardipine_mg_hr,q2,(,2.5,5.0,),"medications_nicardipine_mg_hr_(2.5,5.0)",0,,,,,,
medications,nicardipine_mg_hr,q3,[,5.0,5.0,],"medications_nicardipine_mg_hr_[5.0,5.0]",1,,,,,,
medications,nicardipine_mg_hr,q5,(,5.0,7.5,],"medications_nicardipine_mg_hr_(5.0,7.5]",0,,,,,,
medications,nicardipine_mg_hr,q6,(,7.5,10.0,),"medications_nicardipine_mg_hr_(7.5,10.0)",0,,,,,,
medications,nicardipine_mg_hr,q7,[,10.0,10.0,],"medications_nicardipine_mg_hr_[10.0,10.0]",1,,,,,,
medications,nicardipine_mg_hr,q8,(,10.0,12.5,),"medications_nicardipine_mg_hr_(10.0,12.5)",0,,,,,,
medications,nicardipine_mg_hr,q9,[,12.5,12.5,],"medications_nicardipine_mg_hr_[12.5,12.5]",1,1.0,,added,6760.0,5.0,med_nicardipine_q9
medications,nicardipine_mg_hr,q9,(,12.5,15.0,),"medications_nicardipine_mg_hr_(12.5,15.0)",0,1.0,,added,14713.0,5.0,med_nicardipine_q9
medications,nicardipine_mg_hr,q9,[,15.0,15.0,],"medications_nicardipine_mg_hr_[15.0,15.0]",1,1.0,,added,7700.0,5.0,med_nicardipine_q9
medications,nicardipine_mg_hr,q9,(,15.0,800.0,],"medications_nicardipine_mg_hr_(15.0,800.0]",0,1.0,,added,8246.0,5.0,med_nicardipine_q9
medications,nitroprusside_mcg_kg_min,q1,(,0.0,0.15,],"medications_nitroprusside_mcg_kg_min_(0.0,0.15]",0,,,,,,
medications,nitroprusside_mcg_kg_min,zero,[,0.0,0.0,],"medications_nitroprusside_mcg_kg_min_[0.0,0.0]",1,,,zero_token,,,
medications,nitroprusside_mcg_kg_min,q2,(,0.15,0.25,],"medications_nitroprusside_mcg_kg_min_(0.15,0.25]",0,,,,,,
medications,nitroprusside_mcg_kg_min,q3,(,0.25,0.4,],"medications_nitroprusside_mcg_kg_min_(0.25,0.4]",0,,,,,,
medications,nitroprusside_mcg_kg_min,q4,(,0.4,0.5,],"medications_nitroprusside_mcg_kg_min_(0.4,0.5]",0,,,,,,
medications,nitroprusside_mcg_kg_min,q5,(,0.5,0.75,],"medications_nitroprusside_mcg_kg_min_(0.5,0.75]",0,,,,,,
medications,nitroprusside_mcg_kg_min,q6,(,0.75,1.0,],"medications_nitroprusside_mcg_kg_min_(0.75,1.0]",0,,,,,,
medications,nitroprusside_mcg_kg_min,q7,(,1.0,1.5,],"medications_nitroprusside_mcg_kg_min_(1.0,1.5]",0,,,,,,
medications,nitroprusside_mcg_kg_min,q8,(,1.5,2.5,],"medications_nitroprusside_mcg_kg_min_(1.5,2.5]",0,,,,,,
medications,nitroprusside_mcg_kg_min,q9,(,2.5,99999.0,],"medications_nitroprusside_mcg_kg_min_(2.5,99999.0]",0,1.0,1.0,added,79.0,1.0,med_nitroprusside_q9
medications,norepinephrine_mcg_kg_min,q0,(,0.0,0.013,],"medications_norepinephrine_mcg_kg_min_(0.0,0.013]",0,,,,,,
medications,norepinephrine_mcg_kg_min,zero,[,0.0,0.0,],"medications_norepinephrine_mcg_kg_min_[0.0,0.0]",1,,,zero_token,,,
medications,norepinephrine_mcg_kg_min,q1,(,0.013,0.03,],"medications_norepinephrine_mcg_kg_min_(0.013,0.03]",0,,,,,,
medications,norepinephrine_mcg_kg_min,q2,(,0.03,0.046,],"medications_norepinephrine_mcg_kg_min_(0.03,0.046]",0,,,,,,
medications,norepinephrine_mcg_kg_min,q3,(,0.046,0.063,],"medications_norepinephrine_mcg_kg_min_(0.046,0.063]",0,,,,,,
medications,norepinephrine_mcg_kg_min,q4,(,0.063,0.083,],"medications_norepinephrine_mcg_kg_min_(0.063,0.083]",0,,,,,,
medications,norepinephrine_mcg_kg_min,q5,(,0.083,0.11,],"medications_norepinephrine_mcg_kg_min_(0.083,0.11]",0,,,,,,
medications,norepinephrine_mcg_kg_min,q6,(,0.11,0.147,],"medications_norepinephrine_mcg_kg_min_(0.11,0.147]",0,,,,,,
medications,norepinephrine_mcg_kg_min,q7,(,0.147,0.206,],"medications_norepinephrine_mcg_kg_min_(0.147,0.206]",0,,,,,,
medications,norepinephrine_mcg_kg_min,q8,(,0.206,0.323,],"medications_norepinephrine_mcg_kg_min_(0.206,0.323]",0,,,,,,
medications,norepinephrine_mcg_kg_min,q9,(,0.323,0.365,],"medications_norepinephrine_mcg_kg_min_(0.323,0.365]",0,1.0,,added,9439.0,5.0,med_norepinephrine_q9
medications,norepinephrine_mcg_kg_min,q9,(,0.3655,0.421,],"medications_norepinephrine_mcg_kg_min_(0.3655,0.421]",0,1.0,,added,9436.0,5.0,med_norepinephrine_q9
medications,norepinephrine_mcg_kg_min,q9,(,0.421,0.508,],"medications_norepinephrine_mcg_kg_min_(0.421,0.508]",0,1.0,,added,9431.0,5.0,med_norepinephrine_q9
medications,norepinephrine_mcg_kg_min,q9,(,0.508,0.673,],"medications_norepinephrine_mcg_kg_min_(0.508,0.673]",0,1.0,,added,9439.0,5.0,med_norepinephrine_q9
medications,norepinephrine_mcg_kg_min,q9,(,0.673,99999.0,],"medications_norepinephrine_mcg_kg_min_(0.673,99999.0]",0,1.0,1.0,added,9436.0,5.0,med_norepinephrine_q9
medications,pentobarbital_mcg_kg_hr,q0,(,0.0,200.0,],"medications_pentobarbital_mcg_kg_hr_(0.0,200.0]",0,,,,,,
medications,pentobarbital_mcg_kg_hr,zero,[,0.0,0.0,],"medications_pentobarbital_mcg_kg_hr_[0.0,0.0]",1,,,zero_token,,,
medications,pentobarbital_mcg_kg_hr,q1,(,200.0,500.0,],"medications_pentobarbital_mcg_kg_hr_(200.0,500.0]",0,,,,,,
medications,pentobarbital_mcg_kg_hr,q2,(,500.0,1000.0,),"medications_pentobarbital_mcg_kg_hr_(500.0,1000.0)",0,,,,,,
medications,pentobarbital_mcg_kg_hr,q3,[,1000.0,1000.0,],"medications_pentobarbital_mcg_kg_hr_[1000.0,1000.0]",1,,,,,,
medications,pentobarbital_mcg_kg_hr,q5,(,1000.0,1500.0,],"medications_pentobarbital_mcg_kg_hr_(1000.0,1500.0]",0,,,,,,
medications,pentobarbital_mcg_kg_hr,q6,(,1500.0,2000.0,],"medications_pentobarbital_mcg_kg_hr_(1500.0,2000.0]",0,,,,,,
medications,pentobarbital_mcg_kg_hr,q7,(,2000.0,2499.9,],"medications_pentobarbital_mcg_kg_hr_(2000.0,2499.9]",0,,,,,,
medications,pentobarbital_mcg_kg_hr,q8,(,2499.9,3000.0,],"medications_pentobarbital_mcg_kg_hr_(2499.9,3000.0]",0,,,,,,
medications,pentobarbital_mcg_kg_hr,q9,(,3000.0,99999.0,],"medications_pentobarbital_mcg_kg_hr_(3000.0,99999.0]",0,,1.0,,,,
medications,phenylephrine_mcg_kg_min,q0,(,0.0,0.13,],"medications_phenylephrine_mcg_kg_min_(0.0,0.13]",0,,,,,,
medications,phenylephrine_mcg_kg_min,zero,[,0.0,0.0,],"medications_phenylephrine_mcg_kg_min_[0.0,0.0]",1,,,zero_token,,,
medications,phenylephrine_mcg_kg_min,q1,(,0.13,0.288,],"medications_phenylephrine_mcg_kg_min_(0.13,0.288]",0,,,,,,
medications,phenylephrine_mcg_kg_min,q2,(,0.288,0.418,],"medications_phenylephrine_mcg_kg_min_(0.288,0.418]",0,,,,,,
medications,phenylephrine_mcg_kg_min,q3,(,0.418,0.614,],"medications_phenylephrine_mcg_kg_min_(0.418,0.614]",0,,,,,,
medications,phenylephrine_mcg_kg_min,q4,(,0.614,0.862,],"medications_phenylephrine_mcg_kg_min_(0.614,0.862]",0,,,,,,
medications,phenylephrine_mcg_kg_min,q5,(,0.862,1.177,],"medications_phenylephrine_mcg_kg_min_(0.862,1.177]",0,,,,,,
medications,phenylephrine_mcg_kg_min,q6,(,1.177,1.589,],"medications_phenylephrine_mcg_kg_min_(1.177,1.589]",0,,,,,,
medications,phenylephrine_mcg_kg_min,q7,(,1.589,2.199,],"medications_phenylephrine_mcg_kg_min_(1.589,2.199]",0,,,,,,
medications,phenylephrine_mcg_kg_min,q8,(,2.199,3.205,],"medications_phenylephrine_mcg_kg_min_(2.199,3.205]",0,,,,,,
medications,phenylephrine_mcg_kg_min,q9,(,3.205,3.49,],"medications_phenylephrine_mcg_kg_min_(3.205,3.49]",0,1.0,,added,1082.0,5.0,med_phenylephrine_q9
medications,phenylephrine_mcg_kg_min,q9,(,3.49,3.816,],"medications_phenylephrine_mcg_kg_min_(3.49,3.816]",0,1.0,,added,1070.0,5.0,med_phenylephrine_q9
medications,phenylephrine_mcg_kg_min,q9,(,3.816,4.291,],"medications_phenylephrine_mcg_kg_min_(3.816,4.291]",0,1.0,,added,1078.0,5.0,med_phenylephrine_q9
medications,phenylephrine_mcg_kg_min,q9,(,4.291,4.98,],"medications_phenylephrine_mcg_kg_min_(4.291,4.98]",0,1.0,,added,1081.0,5.0,med_phenylephrine_q9
medications,phenylephrine_mcg_kg_min,q9,(,4.98,27.747,],"medications_phenylephrine_mcg_kg_min_(4.98,27.747]",0,1.0,,added,1069.0,5.0,med_phenylephrine_q9
medications,procainamide_mg_min,q1,(,0.0,0.5,],"medications_procainamide_mg_min_(0.0,0.5]",0,,,,,,
medications,procainamide_mg_min,zero,[,0.0,0.0,],"medications_procainamide_mg_min_[0.0,0.0]",1,,,zero_token,,,
medications,procainamide_mg_min,q3,[,1.0,1.0,],"medications_procainamide_mg_min_[1.0,1.0]",1,,,,,,
medications,procainamide_mg_min,q6,(,1.0,1.5,],"medications_procainamide_mg_min_(1.0,1.5]",0,,,,,,
medications,procainamide_mg_min,q8,[,2.0,2.0,],"medications_procainamide_mg_min_[2.0,2.0]",1,,,,,,
medications,procainamide_mg_min,q9,(,2.0,4.0,],"medications_procainamide_mg_min_(2.0,4.0]",0,,,,,,
medications,propofol_mcg_kg_min,q0,(,0.0,5.0,],"medications_propofol_mcg_kg_min_(0.0,5.0]",0,,,,,,
medications,propofol_mcg_kg_min,zero,[,0.0,0.0,],"medications_propofol_mcg_kg_min_[0.0,0.0]",1,,,zero_token,,,
medications,propofol_mcg_kg_min,q1,(,5.0,10.0,],"medications_propofol_mcg_kg_min_(5.0,10.0]",0,,,,,,
medications,propofol_mcg_kg_min,q2,(,10.0,20.0,),"medications_propofol_mcg_kg_min_(10.0,20.0)",0,,,,,,
medications,propofol_mcg_kg_min,q3,[,20.0,20.0,],"medications_propofol_mcg_kg_min_[20.0,20.0]",1,,,,,,
medications,propofol_mcg_kg_min,q4,(,20.0,30.0,],"medications_propofol_mcg_kg_min_(20.0,30.0]",0,,,,,,
medications,propofol_mcg_kg_min,q5,(,30.0,35.0,],"medications_propofol_mcg_kg_min_(30.0,35.0]",0,,,,,,
medications,propofol_mcg_kg_min,q6,(,35.0,40.0,],"medications_propofol_mcg_kg_min_(35.0,40.0]",0,,,,,,
medications,propofol_mcg_kg_min,q7,(,40.0,50.0,],"medications_propofol_mcg_kg_min_(40.0,50.0]",0,,,,,,
medications,propofol_mcg_kg_min,q8,(,50.0,60.0,),"medications_propofol_mcg_kg_min_(50.0,60.0)",0,,,,,,
medications,propofol_mcg_kg_min,q9,[,60.0,60.0,],"medications_propofol_mcg_kg_min_[60.0,60.0]",1,1.0,,added,4999.0,5.0,med_propofol_q9
medications,propofol_mcg_kg_min,q9,(,60.0,65.0,],"medications_propofol_mcg_kg_min_(60.0,65.0]",0,1.0,,added,8691.0,5.0,med_propofol_q9
medications,propofol_mcg_kg_min,q9,(,65.0,67.0,],"medications_propofol_mcg_kg_min_(65.0,67.0]",0,1.0,,added,8251.0,5.0,med_propofol_q9
medications,propofol_mcg_kg_min,q9,(,67.0,70.0,],"medications_propofol_mcg_kg_min_(67.0,70.0]",0,1.0,,added,9332.0,5.0,med_propofol_q9
medications,propofol_mcg_kg_min,q9,(,70.0,1000.0,],"medications_propofol_mcg_kg_min_(70.0,1000.0]",0,1.0,,added,4910.0,5.0,med_propofol_q9
medications,remifentanil_mcg_kg_min,q1,(,0.0,0.05,],"medications_remifentanil_mcg_kg_min_(0.0,0.05]",0,,,,,,
medications,remifentanil_mcg_kg_min,zero,[,0.0,0.0,],"medications_remifentanil_mcg_kg_min_[0.0,0.0]",1,,,zero_token,,,
medications,remifentanil_mcg_kg_min,q1,(,0.05,0.21,],"medications_remifentanil_mcg_kg_min_(0.05,0.21]",0,,1.0,,,,
medications,remifentanil_mcg_kg_min,q2,(,0.21,0.36,],"medications_remifentanil_mcg_kg_min_(0.21,0.36]",0,,1.0,,,,
medications,remifentanil_mcg_kg_min,q3,(,0.36,0.52,],"medications_remifentanil_mcg_kg_min_(0.36,0.52]",0,,1.0,,,,
medications,remifentanil_mcg_kg_min,q4,(,0.52,0.68,],"medications_remifentanil_mcg_kg_min_(0.52,0.68]",0,,1.0,,,,
medications,remifentanil_mcg_kg_min,q5,(,0.68,0.83,],"medications_remifentanil_mcg_kg_min_(0.68,0.83]",0,,1.0,,,,
medications,remifentanil_mcg_kg_min,q6,(,0.83,0.99,],"medications_remifentanil_mcg_kg_min_(0.83,0.99]",0,,1.0,,,,
medications,remifentanil_mcg_kg_min,q7,(,0.99,1.14,],"medications_remifentanil_mcg_kg_min_(0.99,1.14]",0,,1.0,,,,
medications,remifentanil_mcg_kg_min,q8,(,1.14,1.3,],"medications_remifentanil_mcg_kg_min_(1.14,1.3]",0,,1.0,,,,
medications,remifentanil_mcg_kg_min,q9,(,1.3,99999.0,],"medications_remifentanil_mcg_kg_min_(1.3,99999.0]",0,,1.0,,,,
medications,rocuronium_mcg_kg_min,q1,(,0.0,1.5,],"medications_rocuronium_mcg_kg_min_(0.0,1.5]",0,,,,,,
medications,rocuronium_mcg_kg_min,zero,[,0.0,0.0,],"medications_rocuronium_mcg_kg_min_[0.0,0.0]",1,,,zero_token,,,
medications,rocuronium_mcg_kg_min,q2,(,1.5,3.5,],"medications_rocuronium_mcg_kg_min_(1.5,3.5]",0,,,,,,
medications,rocuronium_mcg_kg_min,q3,(,3.5,5.0,],"medications_rocuronium_mcg_kg_min_(3.5,5.0]",0,,,,,,
medications,rocuronium_mcg_kg_min,q4,(,5.0,8.0,],"medications_rocuronium_mcg_kg_min_(5.0,8.0]",0,,,,,,
medications,rocuronium_mcg_kg_min,q6,(,8.0,10.0,),"medications_rocuronium_mcg_kg_min_(8.0,10.0)",0,,,,,,
medications,rocuronium_mcg_kg_min,q7,[,10.0,10.0,],"medications_rocuronium_mcg_kg_min_[10.0,10.0]",1,,,,,,
medications,rocuronium_mcg_kg_min,q9,(,10.0,99999.0,],"medications_rocuronium_mcg_kg_min_(10.0,99999.0]",0,,,,,,
medications,vasopressin_u_min,q2,(,0.0,0.04,),"medications_vasopressin_u_min_(0.0,0.04)",0,,1.0,,,,
medications,vasopressin_u_min,zero,[,0.0,0.0,],"medications_vasopressin_u_min_[0.0,0.0]",1,,1.0,zero_token,,,
medications,vasopressin_u_min,q3,[,0.04,0.04,],"medications_vasopressin_u_min_[0.04,0.04]",1,,1.0,,,,
medications,vasopressin_u_min,q4,(,0.04,99999.0,],"medications_vasopressin_u_min_(0.04,99999.0]",0,,1.0,,,,
medications,vecuronium_mcg_kg_min,q0,(,0.0,0.8,],"medications_vecuronium_mcg_kg_min_(0.0,0.8]",0,,1.0,,,,
medications,vecuronium_mcg_kg_min,zero,[,0.0,0.0,],"medications_vecuronium_mcg_kg_min_[0.0,0.0]",1,,1.0,zero_token,,,
medications,vecuronium_mcg_kg_min,q1,(,0.8,0.85,],"medications_vecuronium_mcg_kg_min_(0.8,0.85]",0,,1.0,,,,
medications,vecuronium_mcg_kg_min,q2,(,0.85,0.9,],"medications_vecuronium_mcg_kg_min_(0.85,0.9]",0,,1.0,,,,
medications,vecuronium_mcg_kg_min,q3,(,0.9,0.95,],"medications_vecuronium_mcg_kg_min_(0.9,0.95]",0,,1.0,,,,
medications,vecuronium_mcg_kg_min,q4,(,0.95,1.0,],"medications_vecuronium_mcg_kg_min_(0.95,1.0]",0,,1.0,,,,
medications,vecuronium_mcg_kg_min,q5,(,1.0,1.05,],"medications_vecuronium_mcg_kg_min_(1.0,1.05]",0,,1.0,,,,
medications,vecuronium_mcg_kg_min,q6,(,1.05,1.1,],"medications_vecuronium_mcg_kg_min_(1.05,1.1]",0,,1.0,,,,
medications,vecuronium_mcg_kg_min,q7,(,1.1,1.15,],"medications_vecuronium_mcg_kg_min_(1.1,1.15]",0,,1.0,,,,
medications,vecuronium_mcg_kg_min,q8,(,1.15,1.2,],"medications_vecuronium_mcg_kg_min_(1.15,1.2]",0,,1.0,,,,
medications,vecuronium_mcg_kg_min,q9,(,1.2,99999.0,],"medications_vecuronium_mcg_kg_min_(1.2,99999.0]",0,,1.0,,,,
respiratory_support,fio2_set,zero,[,0.0,0.0,],"respiratory_support_fio2_set_[0.0,0.0]",1,,,zero_token,,,
respiratory_support,fio2_set,flat,(,0.2,0.3,],"respiratory_support_fio2_set_(0.2,0.3]",0,,,,,,
respiratory_support,fio2_set,flat,(,0.3,0.4,],"respiratory_support_fio2_set_(0.3,0.4]",0,,,,,,
respiratory_support,fio2_set,flat,(,0.4,0.5,],"respiratory_support_fio2_set_(0.4,0.5]",0,,,,,,
respiratory_support,fio2_set,flat,(,0.5,0.6,],"respiratory_support_fio2_set_(0.5,0.6]",0,,,,,,
respiratory_support,fio2_set,flat,(,0.6,0.7,],"respiratory_support_fio2_set_(0.6,0.7]",0,,1.0,,,,
respiratory_support,fio2_set,flat,(,0.7,0.8,],"respiratory_support_fio2_set_(0.7,0.8]",0,,1.0,,,,
respiratory_support,fio2_set,flat,(,0.8,0.9,],"respiratory_support_fio2_set_(0.8,0.9]",0,,1.0,,,,
respiratory_support,fio2_set,flat,(,0.9,1.0,],"respiratory_support_fio2_set_(0.9,1.0]",0,,1.0,,,,
respiratory_support,flow_rate_set,flat,(,0.0,30.0,],"respiratory_support_flow_rate_set_(0.0,30.0]",0,,1.0,,,,
respiratory_support,flow_rate_set,zero,[,0.0,0.0,],"respiratory_support_flow_rate_set_[0.0,0.0]",1,,1.0,zero_token,,,
respiratory_support,flow_rate_set,flat,(,30.0,40.0,],"respiratory_support_flow_rate_set_(30.0,40.0]",0,,,,,,
respiratory_support,flow_rate_set,flat,(,40.0,45.0,],"respiratory_support_flow_rate_set_(40.0,45.0]",0,,,,,,
respiratory_support,flow_rate_set,flat,(,45.0,50.0,],"respiratory_support_flow_rate_set_(45.0,50.0]",0,,,,,,
respiratory_support,flow_rate_set,flat,(,50.0,55.0,],"respiratory_support_flow_rate_set_(50.0,55.0]",0,,,,,,
respiratory_support,flow_rate_set,flat,(,55.0,60.0,],"respiratory_support_flow_rate_set_(55.0,60.0]",0,,,,,,
respiratory_support,flow_rate_set,flat,(,60.0,70.0,],"respiratory_support_flow_rate_set_(60.0,70.0]",0,,,,,,
respiratory_support,flow_rate_set,flat,(,70.0,100.0,],"respiratory_support_flow_rate_set_(70.0,100.0]",0,,,,,,
respiratory_support,inspiratory_time_set,flat,(,0.0,0.7,],"respiratory_support_inspiratory_time_set_(0.0,0.7]",0,,1.0,,,,
respiratory_support,inspiratory_time_set,zero,[,0.0,0.0,],"respiratory_support_inspiratory_time_set_[0.0,0.0]",1,,1.0,zero_token,,,
respiratory_support,inspiratory_time_set,flat,(,0.7,0.8,],"respiratory_support_inspiratory_time_set_(0.7,0.8]",0,,,,,,
respiratory_support,inspiratory_time_set,flat,(,0.8,0.9,],"respiratory_support_inspiratory_time_set_(0.8,0.9]",0,,,,,,
respiratory_support,inspiratory_time_set,flat,(,0.9,1.0,],"respiratory_support_inspiratory_time_set_(0.9,1.0]",0,,,,,,
respiratory_support,inspiratory_time_set,flat,(,1.0,50.0,],"respiratory_support_inspiratory_time_set_(1.0,50.0]",0,,,,,,
respiratory_support,lpm_set,flat,(,0.0,2.0,],"respiratory_support_lpm_set_(0.0,2.0]",0,,1.0,,,,
respiratory_support,lpm_set,zero,[,0.0,0.0,],"respiratory_support_lpm_set_[0.0,0.0]",1,,1.0,zero_token,,,
respiratory_support,lpm_set,flat,(,2.0,3.0,],"respiratory_support_lpm_set_(2.0,3.0]",0,,,,,,
respiratory_support,lpm_set,flat,(,3.0,4.0,],"respiratory_support_lpm_set_(3.0,4.0]",0,,,,,,
respiratory_support,lpm_set,flat,(,4.0,6.0,],"respiratory_support_lpm_set_(4.0,6.0]",0,,,,,,
respiratory_support,lpm_set,flat,(,6.0,9.0,],"respiratory_support_lpm_set_(6.0,9.0]",0,,,,,,
respiratory_support,lpm_set,flat,(,9.0,10.0,],"respiratory_support_lpm_set_(9.0,10.0]",0,1.0,,added,70674.0,5.0,respiratory_support_lpm_set_flat_9_to_40
respiratory_support,lpm_set,flat,(,10.0,15.0,],"respiratory_support_lpm_set_(10.0,15.0]",0,1.0,,added,115777.0,5.0,respiratory_support_lpm_set_flat_9_to_40
respiratory_support,lpm_set,flat,(,15.0,30.0,],"respiratory_support_lpm_set_(15.0,30.0]",0,1.0,,added,66341.0,5.0,respiratory_support_lpm_set_flat_9_to_40
respiratory_support,lpm_set,flat,(,30.0,40.0,),"respiratory_support_lpm_set_(30.0,40.0)",0,1.0,,added,120612.0,5.0,respiratory_support_lpm_set_flat_9_to_40
respiratory_support,lpm_set,flat,(,40.0,60.0,],"respiratory_support_lpm_set_(40.0,60.0]",0,,,,,,
respiratory_support,lpm_set,flat,[,40.0,40.0,],"respiratory_support_lpm_set_[40.0,40.0]",1,1.0,,added,81299.0,5.0,respiratory_support_lpm_set_flat_9_to_40
respiratory_support,mean_airway_pressure_obs,flat,[,0.0,8.57,],"respiratory_support_mean_airway_pressure_obs_[0.0,8.57]",0,,1.0,,,,
respiratory_support,mean_airway_pressure_obs,flat,(,8.57,10.0,],"respiratory_support_mean_airway_pressure_obs_(8.57,10.0]",0,,,,,,
respiratory_support,mean_airway_pressure_obs,flat,(,10.0,11.0,],"respiratory_support_mean_airway_pressure_obs_(10.0,11.0]",0,,,,,,
respiratory_support,mean_airway_pressure_obs,flat,(,11.0,12.0,],"respiratory_support_mean_airway_pressure_obs_(11.0,12.0]",0,,,,,,
respiratory_support,mean_airway_pressure_obs,flat,(,12.0,12.93,],"respiratory_support_mean_airway_pressure_obs_(12.0,12.93]",0,,,,,,
respiratory_support,mean_airway_pressure_obs,flat,(,12.93,13.52,],"respiratory_support_mean_airway_pressure_obs_(12.93,13.52]",0,,,,,,
respiratory_support,mean_airway_pressure_obs,flat,(,13.52,15.0,],"respiratory_support_mean_airway_pressure_obs_(13.52,15.0]",0,,,,,,
respiratory_support,mean_airway_pressure_obs,flat,(,15.0,17.0,),"respiratory_support_mean_airway_pressure_obs_(15.0,17.0)",0,,,,,,
respiratory_support,mean_airway_pressure_obs,flat,[,17.0,17.0,],"respiratory_support_mean_airway_pressure_obs_[17.0,17.0]",1,1.0,,added,20267.0,5.0,respiratory_support_mean_airway_pressure_obs_flat_17_to_50
respiratory_support,mean_airway_pressure_obs,flat,(,17.0,18.0,],"respiratory_support_mean_airway_pressure_obs_(17.0,18.0]",0,1.0,,added,37337.0,5.0,respiratory_support_mean_airway_pressure_obs_flat_17_to_50
respiratory_support,mean_airway_pressure_obs,flat,(,18.0,19.0,],"respiratory_support_mean_airway_pressure_obs_(18.0,19.0]",0,1.0,,added,29187.0,5.0,respiratory_support_mean_airway_pressure_obs_flat_17_to_50
respiratory_support,mean_airway_pressure_obs,flat,(,19.0,21.0,],"respiratory_support_mean_airway_pressure_obs_(19.0,21.0]",0,1.0,,added,29992.0,5.0,respiratory_support_mean_airway_pressure_obs_flat_17_to_50
respiratory_support,mean_airway_pressure_obs,flat,(,21.0,50.0,],"respiratory_support_mean_airway_pressure_obs_(21.0,50.0]",0,1.0,,added,19645.0,5.0,respiratory_support_mean_airway_pressure_obs_flat_17_to_50
respiratory_support,minute_vent_obs,flat,[,0.0,5.4,],"respiratory_support_minute_vent_obs_[0.0,5.4]",0,,1.0,,,,
respiratory_support,minute_vent_obs,flat,(,5.4,6.3,],"respiratory_support_minute_vent_obs_(5.4,6.3]",0,,,,,,
respiratory_support,minute_vent_obs,flat,(,6.3,7.0,],"respiratory_support_minute_vent_obs_(6.3,7.0]",0,,,,,,
respiratory_support,minute_vent_obs,flat,(,7.0,7.7,],"respiratory_support_minute_vent_obs_(7.0,7.7]",0,,,,,,
respiratory_support,minute_vent_obs,flat,(,7.7,8.4,],"respiratory_support_minute_vent_obs_(7.7,8.4]",0,,,,,,
respiratory_support,minute_vent_obs,flat,(,8.4,9.2,],"respiratory_support_minute_vent_obs_(8.4,9.2]",0,,,,,,
respiratory_support,minute_vent_obs,flat,(,9.2,10.1,],"respiratory_support_minute_vent_obs_(9.2,10.1]",0,,,,,,
respiratory_support,minute_vent_obs,flat,(,10.1,11.3,],"respiratory_support_minute_vent_obs_(10.1,11.3]",0,,,,,,
respiratory_support,minute_vent_obs,flat,(,11.3,13.2,],"respiratory_support_minute_vent_obs_(11.3,13.2]",0,,,,,,
respiratory_support,minute_vent_obs,flat,(,13.2,13.8,],"respiratory_support_minute_vent_obs_(13.2,13.8]",0,1.0,,added,10310.0,5.0,respiratory_support_minute_vent_obs_flat_13_to_40
respiratory_support,minute_vent_obs,flat,(,13.8,14.5,],"respiratory_support_minute_vent_obs_(13.8,14.5]",0,1.0,,added,9752.0,5.0,respiratory_support_minute_vent_obs_flat_13_to_40
respiratory_support,minute_vent_obs,flat,(,14.5,15.63,],"respiratory_support_minute_vent_obs_(14.5,15.63]",0,1.0,,added,10182.0,5.0,respiratory_support_minute_vent_obs_flat_13_to_40
respiratory_support,minute_vent_obs,flat,(,15.63,17.6,],"respiratory_support_minute_vent_obs_(15.63,17.6]",0,1.0,,added,9488.0,5.0,respiratory_support_minute_vent_obs_flat_13_to_40
respiratory_support,minute_vent_obs,flat,(,17.6,40.0,],"respiratory_support_minute_vent_obs_(17.6,40.0]",0,1.0,,added,9460.0,5.0,respiratory_support_minute_vent_obs_flat_13_to_40
respiratory_support,peak_inspiratory_pressure_obs,flat,[,0.0,14.0,],"respiratory_support_peak_inspiratory_pressure_obs_[0.0,14.0]",0,,,,,,
respiratory_support,peak_inspiratory_pressure_obs,flat,(,14.0,17.0,],"respiratory_support_peak_inspiratory_pressure_obs_(14.0,17.0]",0,,,,,,
respiratory_support,peak_inspiratory_pressure_obs,flat,(,17.0,18.0,],"respiratory_support_peak_inspiratory_pressure_obs_(17.0,18.0]",0,,,,,,
respiratory_support,peak_inspiratory_pressure_obs,flat,(,18.0,20.0,],"respiratory_support_peak_inspiratory_pressure_obs_(18.0,20.0]",0,,,,,,
respiratory_support,peak_inspiratory_pressure_obs,flat,(,20.0,21.0,],"respiratory_support_peak_inspiratory_pressure_obs_(20.0,21.0]",0,,,,,,
respiratory_support,peak_inspiratory_pressure_obs,flat,(,21.0,23.0,],"respiratory_support_peak_inspiratory_pressure_obs_(21.0,23.0]",0,,,,,,
respiratory_support,peak_inspiratory_pressure_obs,flat,(,23.0,25.0,],"respiratory_support_peak_inspiratory_pressure_obs_(23.0,25.0]",0,,,,,,
respiratory_support,peak_inspiratory_pressure_obs,flat,(,25.0,28.0,],"respiratory_support_peak_inspiratory_pressure_obs_(25.0,28.0]",0,,,,,,
respiratory_support,peak_inspiratory_pressure_obs,flat,(,28.0,31.0,),"respiratory_support_peak_inspiratory_pressure_obs_(28.0,31.0)",0,,,,,,
respiratory_support,peak_inspiratory_pressure_obs,flat,[,31.0,31.0,],"respiratory_support_peak_inspiratory_pressure_obs_[31.0,31.0]",1,1.0,,added,19408.0,5.0,respiratory_support_peak_inspiratory_pressure_obs_flat_31_to_100
respiratory_support,peak_inspiratory_pressure_obs,flat,(,31.0,32.0,],"respiratory_support_peak_inspiratory_pressure_obs_(31.0,32.0]",0,1.0,,added,31323.0,5.0,respiratory_support_peak_inspiratory_pressure_obs_flat_31_to_100
respiratory_support,peak_inspiratory_pressure_obs,flat,(,32.0,34.0,],"respiratory_support_peak_inspiratory_pressure_obs_(32.0,34.0]",0,1.0,,added,30131.0,5.0,respiratory_support_peak_inspiratory_pressure_obs_flat_31_to_100
respiratory_support,peak_inspiratory_pressure_obs,flat,(,34.0,37.0,],"respiratory_support_peak_inspiratory_pressure_obs_(34.0,37.0]",0,1.0,,added,21021.0,5.0,respiratory_support_peak_inspiratory_pressure_obs_flat_31_to_100
respiratory_support,peak_inspiratory_pressure_obs,flat,(,37.0,100.0,],"respiratory_support_peak_inspiratory_pressure_obs_(37.0,100.0]",0,1.0,,added,15411.0,5.0,respiratory_support_peak_inspiratory_pressure_obs_flat_31_to_100
respiratory_support,peak_inspiratory_pressure_set,flat,[,0.0,5.0,],"respiratory_support_peak_inspiratory_pressure_set_(0.0,5.0]",0,,,,,,
respiratory_support,peak_inspiratory_pressure_set,flat,(,5.0,10.0,),"respiratory_support_peak_inspiratory_pressure_set_(5.0,10.0)",1,,,,,,
respiratory_support,peak_inspiratory_pressure_set,flat,[,10.0,10.0,],"respiratory_support_peak_inspiratory_pressure_set_[10.0,10.0]",0,,,,,,
respiratory_support,peak_inspiratory_pressure_set,flat,(,10.0,15.0,],"respiratory_support_peak_inspiratory_pressure_set_(10.0,15.0]",0,,,,,,
respiratory_support,peak_inspiratory_pressure_set,flat,(,15.0,18.0,],"respiratory_support_peak_inspiratory_pressure_set_(15.0,18.0]",0,,,,,,
respiratory_support,peep_obs,flat,[,0.0,5.0,],"respiratory_support_peep_obs_[0.0,5.0]",0,,1.0,,,,
respiratory_support,peep_obs,flat,(,5.0,8.0,],"respiratory_support_peep_obs_(5.0,8.0]",0,,1.0,added,185.0,1.0,respiratory_support_peep_obs_flat_1p9_to_36
respiratory_support,peep_obs,flat,(,8.0,12.0,],"respiratory_support_peep_obs_(8.0,12.0]",0,,1.0,,,,
respiratory_support,peep_obs,flat,(,12.0,15.0,],"respiratory_support_peep_obs_(12.0,15.0]",0,,1.0,,,,
respiratory_support,peep_obs,flat,(,15.0,99999.0,],"respiratory_support_peep_obs_(15.0,99999.0]",0,,1.0,,,,
respiratory_support,peep_set,flat,(,0.0,5.0,),"respiratory_support_peep_set_(0.0,5.0)",0,,,,,,
respiratory_support,peep_set,zero,[,0.0,0.0,],"respiratory_support_peep_set_[0.0,0.0]",1,,,zero_token,,,
respiratory_support,peep_set,flat,[,5.0,5.0,],"respiratory_support_peep_set_[5.0,5.0]",1,,1.0,,,,
respiratory_support,peep_set,flat,(,5.0,8.0,),"respiratory_support_peep_set_(5.0,8.0)",0,,,,,,
respiratory_support,peep_set,flat,[,8.0,8.0,],"respiratory_support_peep_set_[8.0,8.0]",1,,1.0,,,,
respiratory_support,peep_set,flat,(,8.0,10.0,),"respiratory_support_peep_set_(8.0,10.0)",0,,,,,,
respiratory_support,peep_set,flat,[,10.0,10.0,],"respiratory_support_peep_set_[10.0,10.0]",1,1.0,,added,93273.0,5.0,respiratory_support_peep_set_flat_10_to_30
respiratory_support,peep_set,flat,(,10.0,12.0,],"respiratory_support_peep_set_(10.0,12.0]",0,1.0,,added,131619.0,5.0,respiratory_support_peep_set_flat_10_to_30
respiratory_support,peep_set,flat,(,12.0,14.0,],"respiratory_support_peep_set_(12.0,14.0]",0,1.0,,added,59408.0,5.0,respiratory_support_peep_set_flat_10_to_30
respiratory_support,peep_set,flat,(,14.0,30.0,],"respiratory_support_peep_set_(14.0,30.0]",0,1.0,,added,37523.0,5.0,respiratory_support_peep_set_flat_10_to_30
respiratory_support,plateau_pressure_obs,flat,[,0.0,16.0,],"respiratory_support_plateau_pressure_obs_[0.0,16.0]",0,,1.0,,,,
respiratory_support,plateau_pressure_obs,flat,(,16.0,18.0,],"respiratory_support_plateau_pressure_obs_(16.0,18.0]",0,,,,,,
respiratory_support,plateau_pressure_obs,flat,(,18.0,19.0,],"respiratory_support_plateau_pressure_obs_(18.0,19.0]",0,,,,,,
respiratory_support,plateau_pressure_obs,flat,(,19.0,20.0,],"respiratory_support_plateau_pressure_obs_(19.0,20.0]",0,,,,,,
respiratory_support,plateau_pressure_obs,flat,(,20.0,22.0,],"respiratory_support_plateau_pressure_obs_(20.0,22.0]",0,,,,,,
respiratory_support,plateau_pressure_obs,flat,(,22.0,23.0,],"respiratory_support_plateau_pressure_obs_(22.0,23.0]",0,,,,,,
respiratory_support,plateau_pressure_obs,flat,(,23.0,25.0,],"respiratory_support_plateau_pressure_obs_(23.0,25.0]",0,,,,,,
respiratory_support,plateau_pressure_obs,flat,(,25.0,27.0,],"respiratory_support_plateau_pressure_obs_(25.0,27.0]",0,,,,,,
respiratory_support,plateau_pressure_obs,flat,(,27.0,30.0,),"respiratory_support_plateau_pressure_obs_(27.0,30.0)",0,,,,,,
respiratory_support,plateau_pressure_obs,flat,[,30.0,30.0,],"respiratory_support_plateau_pressure_obs_[30.0,30.0]",1,1.0,,added,2960.0,5.0,respiratory_support_plateau_pressure_obs_flat_30_to_76
respiratory_support,plateau_pressure_obs,flat,(,30.0,31.0,],"respiratory_support_plateau_pressure_obs_(30.0,31.0]",0,1.0,,added,4641.0,5.0,respiratory_support_plateau_pressure_obs_flat_30_to_76
respiratory_support,plateau_pressure_obs,flat,(,31.0,32.0,],"respiratory_support_plateau_pressure_obs_(31.0,32.0]",0,1.0,,added,2959.0,5.0,respiratory_support_plateau_pressure_obs_flat_30_to_76
respiratory_support,plateau_pressure_obs,flat,(,32.0,34.0,],"respiratory_support_plateau_pressure_obs_(32.0,34.0]",0,1.0,,added,2752.0,5.0,respiratory_support_plateau_pressure_obs_flat_30_to_76
respiratory_support,plateau_pressure_obs,flat,(,34.0,76.0,],"respiratory_support_plateau_pressure_obs_(34.0,76.0]",0,1.0,,added,2448.0,5.0,respiratory_support_plateau_pressure_obs_flat_30_to_76
respiratory_support,pressure_control_set,flat,(,0.0,18.0,],"respiratory_support_pressure_control_set_(0.0,18.0]",0,,1.0,,,,
respiratory_support,pressure_control_set,zero,[,0.0,0.0,],"respiratory_support_pressure_control_set_[0.0,0.0]",1,,1.0,zero_token,,,
respiratory_support,pressure_control_set,flat,(,18.0,19.0,],"respiratory_support_pressure_control_set_(18.0,19.0]",0,,,,,,
respiratory_support,pressure_control_set,flat,(,19.0,20.0,],"respiratory_support_pressure_control_set_(19.0,20.0]",0,,,,,,
respiratory_support,pressure_control_set,flat,(,20.0,22.0,],"respiratory_support_pressure_control_set_(20.0,22.0]",0,,,,,,
respiratory_support,pressure_control_set,flat,(,22.0,23.0,],"respiratory_support_pressure_control_set_(22.0,23.0]",0,,,,,,
respiratory_support,pressure_control_set,flat,(,23.0,24.0,],"respiratory_support_pressure_control_set_(23.0,24.0]",0,,,,,,
respiratory_support,pressure_control_set,flat,(,24.0,26.0,],"respiratory_support_pressure_control_set_(24.0,26.0]",0,,,,,,
respiratory_support,pressure_control_set,flat,(,26.0,28.0,],"respiratory_support_pressure_control_set_(26.0,28.0]",0,,,,,,
respiratory_support,pressure_control_set,flat,(,28.0,30.0,),"respiratory_support_pressure_control_set_(28.0,30.0)",0,,,,,,
respiratory_support,pressure_control_set,flat,[,30.0,30.0,],"respiratory_support_pressure_control_set_[30.0,30.0]",1,1.0,,added,13987.0,5.0,respiratory_support_pressure_control_set_flat_30_to_50
respiratory_support,pressure_control_set,flat,(,30.0,33.0,],"respiratory_support_pressure_control_set_(30.0,33.0]",0,1.0,,added,18736.0,5.0,respiratory_support_pressure_control_set_flat_30_to_50
respiratory_support,pressure_control_set,flat,(,33.0,50.0,],"respiratory_support_pressure_control_set_(33.0,50.0]",0,1.0,,added,4595.0,5.0,respiratory_support_pressure_control_set_flat_30_to_50
respiratory_support,pressure_support_set,flat,(,0.0,5.0,),"respiratory_support_pressure_support_set_(0.0,5.0)",0,,,,,,
respiratory_support,pressure_support_set,zero,[,0.0,0.0,],"respiratory_support_pressure_support_set_[0.0,0.0]",1,,1.0,zero_token,,,
respiratory_support,pressure_support_set,flat,[,5.0,5.0,],"respiratory_support_pressure_support_set_[5.0,5.0]",1,,1.0,,,,
respiratory_support,pressure_support_set,flat,(,5.0,8.0,],"respiratory_support_pressure_support_set_(5.0,8.0]",0,,,,,,
respiratory_support,pressure_support_set,flat,(,8.0,10.0,),"respiratory_support_pressure_support_set_(8.0,10.0)",0,,,,,,
respiratory_support,pressure_support_set,flat,[,10.0,10.0,],"respiratory_support_pressure_support_set_[10.0,10.0]",1,,1.0,,,,
respiratory_support,pressure_support_set,flat,(,10.0,12.0,],"respiratory_support_pressure_support_set_(10.0,12.0]",0,,,,,,
respiratory_support,pressure_support_set,flat,(,12.0,14.0,],"respiratory_support_pressure_support_set_(12.0,14.0]",0,,,,,,
respiratory_support,pressure_support_set,flat,[,15.0,15.0,],"respiratory_support_pressure_support_set_[15.0,15.0]",1,1.0,1.0,added,7333.0,5.0,respiratory_support_pressure_support_set_flat_14_to_50
respiratory_support,pressure_support_set,flat,(,15.0,18.0,],"respiratory_support_pressure_support_set_(15.0,18.0]",0,1.0,,added,13279.0,5.0,respiratory_support_pressure_support_set_flat_14_to_50
respiratory_support,pressure_support_set,flat,(,18.0,50.0,],"respiratory_support_pressure_support_set_(18.0,50.0]",0,1.0,,added,6012.0,5.0,respiratory_support_pressure_support_set_flat_14_to_50
respiratory_support,resp_rate_obs,flat,[,0.0,13.0,],"respiratory_support_resp_rate_obs_[0.0,13.0]",0,,1.0,,,,
respiratory_support,resp_rate_obs,flat,(,13.0,15.0,],"respiratory_support_resp_rate_obs_(13.0,15.0]",0,,,,,,
respiratory_support,resp_rate_obs,flat,(,15.0,16.0,],"respiratory_support_resp_rate_obs_(15.0,16.0]",0,,,,,,
respiratory_support,resp_rate_obs,flat,(,16.0,18.0,],"respiratory_support_resp_rate_obs_(16.0,18.0]",0,,,,,,
respiratory_support,resp_rate_obs,flat,(,18.0,19.0,],"respiratory_support_resp_rate_obs_(18.0,19.0]",0,,,,,,
respiratory_support,resp_rate_obs,flat,(,19.0,21.0,],"respiratory_support_resp_rate_obs_(19.0,21.0]",0,,,,,,
respiratory_support,resp_rate_obs,flat,(,21.0,23.0,],"respiratory_support_resp_rate_obs_(21.0,23.0]",0,,,,,,
respiratory_support,resp_rate_obs,flat,(,23.0,25.0,],"respiratory_support_resp_rate_obs_(23.0,25.0]",0,,,,,,
respiratory_support,resp_rate_obs,flat,(,25.0,29.0,],"respiratory_support_resp_rate_obs_(25.0,29.0]",0,,,,,,
respiratory_support,resp_rate_obs,flat,(,29.0,30.0,],"respiratory_support_resp_rate_obs_(29.0,30.0]",0,1.0,,added,328357.0,5.0,respiratory_support_resp_rate_obs_flat_29_to_200
respiratory_support,resp_rate_obs,flat,(,30.0,31.0,],"respiratory_support_resp_rate_obs_(30.0,31.0]",0,1.0,,added,266051.0,5.0,respiratory_support_resp_rate_obs_flat_29_to_200
respiratory_support,resp_rate_obs,flat,(,31.0,33.0,],"respiratory_support_resp_rate_obs_(31.0,33.0]",0,1.0,,added,251131.0,5.0,respiratory_support_resp_rate_obs_flat_29_to_200
respiratory_support,resp_rate_obs,flat,(,33.0,36.0,],"respiratory_support_resp_rate_obs_(33.0,36.0]",0,1.0,,added,217690.0,5.0,respiratory_support_resp_rate_obs_flat_29_to_200
respiratory_support,resp_rate_obs,flat,(,36.0,200.0,],"respiratory_support_resp_rate_obs_(36.0,200.0]",0,1.0,,added,181080.0,5.0,respiratory_support_resp_rate_obs_flat_29_to_200
respiratory_support,resp_rate_set,flat,(,0.0,12.0,],"respiratory_support_resp_rate_set_(0.0,12.0]",0,,,,,,
respiratory_support,resp_rate_set,zero,[,0.0,0.0,],"respiratory_support_resp_rate_set_[0.0,0.0]",1,,,zero_token,,,
respiratory_support,resp_rate_set,flat,(,12.0,14.0,],"respiratory_support_resp_rate_set_(12.0,14.0]",0,,1.0,,,,
respiratory_support,resp_rate_set,flat,(,14.0,16.0,],"respiratory_support_resp_rate_set_(14.0,16.0]",0,,,,,,
respiratory_support,resp_rate_set,flat,(,16.0,18.0,],"respiratory_support_resp_rate_set_(16.0,18.0]",0,,,,,,
respiratory_support,resp_rate_set,flat,(,18.0,20.0,],"respiratory_support_resp_rate_set_(18.0,20.0]",0,,,,,,
respiratory_support,resp_rate_set,flat,(,20.0,24.0,],"respiratory_support_resp_rate_set_(20.0,24.0]",0,,,,,,
respiratory_support,resp_rate_set,flat,(,24.0,28.0,),"respiratory_support_resp_rate_set_(24.0,28.0)",0,,,,,,
respiratory_support,resp_rate_set,flat,[,28.0,28.0,],"respiratory_support_resp_rate_set_[28.0,28.0]",1,1.0,,added,22413.0,5.0,respiratory_support_resp_rate_set_flat_28_to_200
respiratory_support,resp_rate_set,flat,(,28.0,30.0,],"respiratory_support_resp_rate_set_(28.0,30.0]",0,1.0,,added,45071.0,5.0,respiratory_support_resp_rate_set_flat_28_to_200
respiratory_support,resp_rate_set,flat,(,30.0,32.0,],"respiratory_support_resp_rate_set_(30.0,32.0]",0,1.0,,added,34303.0,5.0,respiratory_support_resp_rate_set_flat_28_to_200
respiratory_support,resp_rate_set,flat,(,32.0,34.0,],"respiratory_support_resp_rate_set_(32.0,34.0]",0,1.0,,added,19357.0,5.0,respiratory_support_resp_rate_set_flat_28_to_200
respiratory_support,resp_rate_set,flat,(,34.0,200.0,],"respiratory_support_resp_rate_set_(34.0,200.0]",0,1.0,,added,18004.0,5.0,respiratory_support_resp_rate_set_flat_28_to_200
respiratory_support,tidal_volume_obs,flat,[,99.9,203.0,],"respiratory_support_tidal_volume_obs_[99.9,203.0]",0,1.0,,added,13891.0,5.0,respiratory_support_tidal_volume_obs_flat_100_to_288
respiratory_support,tidal_volume_obs,flat,(,203.0,242.0,],"respiratory_support_tidal_volume_obs_(203.0,242.0]",0,1.0,,added,14516.0,5.0,respiratory_support_tidal_volume_obs_flat_100_to_288
respiratory_support,tidal_volume_obs,flat,(,242.0,263.0,],"respiratory_support_tidal_volume_obs_(242.0,263.0]",0,1.0,,added,14651.0,5.0,respiratory_support_tidal_volume_obs_flat_100_to_288
respiratory_support,tidal_volume_obs,flat,(,263.0,277.0,],"respiratory_support_tidal_volume_obs_(263.0,277.0]",0,1.0,,added,14337.0,5.0,respiratory_support_tidal_volume_obs_flat_100_to_288
respiratory_support,tidal_volume_obs,flat,(,277.0,288.0,],"respiratory_support_tidal_volume_obs_(277.0,288.0]",0,1.0,,added,14506.0,5.0,respiratory_support_tidal_volume_obs_flat_100_to_288
respiratory_support,tidal_volume_obs,flat,(,288.0,325.0,],"respiratory_support_tidal_volume_obs_(288.0,325.0]",0,,,,,,
respiratory_support,tidal_volume_obs,flat,(,325.0,353.0,],"respiratory_support_tidal_volume_obs_(325.0,353.0]",0,,,,,,
respiratory_support,tidal_volume_obs,flat,(,353.0,379.0,],"respiratory_support_tidal_volume_obs_(353.0,379.0]",0,,,,,,
respiratory_support,tidal_volume_obs,flat,(,379.0,404.0,],"respiratory_support_tidal_volume_obs_(379.0,404.0]",0,,,,,,
respiratory_support,tidal_volume_obs,flat,(,404.0,432.0,],"respiratory_support_tidal_volume_obs_(404.0,432.0]",0,,,,,,
respiratory_support,tidal_volume_obs,flat,(,432.0,463.0,],"respiratory_support_tidal_volume_obs_(432.0,463.0]",0,,,,,,
respiratory_support,tidal_volume_obs,flat,(,463.0,507.0,],"respiratory_support_tidal_volume_obs_(463.0,507.0]",0,,,,,,
respiratory_support,tidal_volume_obs,flat,(,507.0,580.0,],"respiratory_support_tidal_volume_obs_(507.0,580.0]",0,,,,,,
respiratory_support,tidal_volume_obs,flat,(,580.0,603.0,],"respiratory_support_tidal_volume_obs_(580.0,603.0]",0,1.0,,added,14338.0,5.0,respiratory_support_tidal_volume_obs_flat_580_to_3000
respiratory_support,tidal_volume_obs,flat,(,603.0,636.0,],"respiratory_support_tidal_volume_obs_(603.0,636.0]",0,1.0,,added,14730.0,5.0,respiratory_support_tidal_volume_obs_flat_580_to_3000
respiratory_support,tidal_volume_obs,flat,(,636.0,684.0,],"respiratory_support_tidal_volume_obs_(636.0,684.0]",0,1.0,,added,14393.0,5.0,respiratory_support_tidal_volume_obs_flat_580_to_3000
respiratory_support,tidal_volume_obs,flat,(,684.0,774.0,],"respiratory_support_tidal_volume_obs_(684.0,774.0]",0,1.0,,added,14292.0,5.0,respiratory_support_tidal_volume_obs_flat_580_to_3000
respiratory_support,tidal_volume_obs,flat,(,774.0,3000.0,],"respiratory_support_tidal_volume_obs_(774.0,3000.0]",0,1.0,,added,14221.0,5.0,respiratory_support_tidal_volume_obs_flat_580_to_3000
respiratory_support,tidal_volume_set,zero,[,0.0,0.0,],"respiratory_support_tidal_volume_set_[0.0,0.0]",1,1.0,,zero_token,12302.0,5.0,respiratory_support_tidal_volume_set_flat_100_to_300
respiratory_support,tidal_volume_set,flat,(,99.9,270.0,],"respiratory_support_tidal_volume_set_(99.9,270.0]",0,1.0,,added,12302.0,5.0,respiratory_support_tidal_volume_set_flat_100_to_300
respiratory_support,tidal_volume_set,flat,(,270.0,280.0,],"respiratory_support_tidal_volume_set_(270.0,280.0]",0,1.0,,added,11800.0,5.0,respiratory_support_tidal_volume_set_flat_100_to_300
respiratory_support,tidal_volume_set,flat,(,280.0,300.0,),"respiratory_support_tidal_volume_set_(280.0,300.0)",0,1.0,,added,37478.0,5.0,respiratory_support_tidal_volume_set_flat_100_to_300
respiratory_support,tidal_volume_set,flat,[,300.0,300.0,],"respiratory_support_tidal_volume_set_[300.0,300.0]",1,1.0,1.0,added,23234.0,5.0,respiratory_support_tidal_volume_set_flat_100_to_300
respiratory_support,tidal_volume_set,flat,(,300.0,330.0,],"respiratory_support_tidal_volume_set_(300.0,330.0]",0,,1.0,,,,
respiratory_support,tidal_volume_set,flat,(,330.0,350.0,],"respiratory_support_tidal_volume_set_(330.0,350.0]",0,,,,,,
respiratory_support,tidal_volume_set,flat,(,350.0,370.0,],"respiratory_support_tidal_volume_set_(350.0,370.0]",0,,,,,,
respiratory_support,tidal_volume_set,flat,(,370.0,385.0,],"respiratory_support_tidal_volume_set_(370.0,385.0]",0,,,,,,
respiratory_support,tidal_volume_set,flat,(,385.0,400.0,),"respiratory_support_tidal_volume_set_(385.0,400.0)",0,,,,,,
respiratory_support,tidal_volume_set,flat,[,400.0,400.0,],"respiratory_support_tidal_volume_set_[400.0,400.0]",1,,1.0,,,,
respiratory_support,tidal_volume_set,flat,(,400.0,430.0,],"respiratory_support_tidal_volume_set_(400.0,430.0]",0,,,,,,
respiratory_support,tidal_volume_set,flat,(,430.0,450.0,],"respiratory_support_tidal_volume_set_(430.0,450.0]",0,,,,,,
respiratory_support,tidal_volume_set,flat,(,450.0,500.0,),"respiratory_support_tidal_volume_set_(450.0,500.0)",0,,,,,,
respiratory_support,tidal_volume_set,flat,[,500.0,500.0,],"respiratory_support_tidal_volume_set_[500.0,500.0]",1,1.0,,added,12770.0,5.0,respiratory_support_tidal_volume_set_flat_500_to_2880
respiratory_support,tidal_volume_set,flat,(,500.0,520.0,],"respiratory_support_tidal_volume_set_(500.0,520.0]",0,1.0,,added,18811.0,5.0,respiratory_support_tidal_volume_set_flat_500_to_2880
respiratory_support,tidal_volume_set,flat,(,520.0,550.0,],"respiratory_support_tidal_volume_set_(520.0,550.0]",0,1.0,,added,11990.0,5.0,respiratory_support_tidal_volume_set_flat_500_to_2880
respiratory_support,tidal_volume_set,flat,(,550.0,600.0,],"respiratory_support_tidal_volume_set_(550.0,600.0]",0,1.0,,added,12259.0,5.0,respiratory_support_tidal_volume_set_flat_500_to_2880
respiratory_support,tidal_volume_set,flat,(,600.0,2880.0,],"respiratory_support_tidal_volume_set_(600.0,2880.0]",0,1.0,,added,8823.0,5.0,respiratory_support_tidal_volume_set_flat_500_to_2880
vitals,dbp,below,[,0.0,41.0,],"vitals_dbp_[0.0,41.0]",0,1.0,,added,82440.0,5.0,vital_dbp_below_0_to_49
vitals,dbp,below,(,41.0,44.0,],"vitals_dbp_(41.0,44.0]",0,1.0,,added,82020.0,5.0,vital_dbp_below_0_to_49
vitals,dbp,below,(,44.0,47.0,],"vitals_dbp_(44.0,47.0]",0,1.0,,added,137794.0,5.0,vital_dbp_below_0_to_49
vitals,dbp,below,(,47.0,48.0,],"vitals_dbp_(47.0,48.0]",0,1.0,,added,92207.0,5.0,vital_dbp_below_0_to_49
vitals,dbp,below,(,48.0,49.0,],"vitals_dbp_(48.0,49.0]",0,1.0,,added,105132.0,5.0,vital_dbp_below_0_to_49
vitals,dbp,below,(,49.0,53.0,],"vitals_dbp_(49.0,53.0]",0,,,,,,
vitals,dbp,below,(,53.0,56.0,],"vitals_dbp_(53.0,56.0]",0,,,,,,
vitals,dbp,below,(,56.0,58.0,],"vitals_dbp_(56.0,58.0]",0,,,,,,
vitals,dbp,below,(,58.0,60.0,],"vitals_dbp_(58.0,60.0]",0,,,,,,
vitals,dbp,normal,(,60.0,64.0,],"vitals_dbp_(60.0,64.0]",0,,,,,,
vitals,dbp,normal,(,64.0,68.0,],"vitals_dbp_(64.0,68.0]",0,,,,,,
vitals,dbp,normal,(,68.0,72.0,],"vitals_dbp_(68.0,72.0]",0,,,,,,
vitals,dbp,normal,(,72.0,76.0,],"vitals_dbp_(72.0,76.0]",0,,,,,,
vitals,dbp,normal,(,76.0,80.0,],"vitals_dbp_(76.0,80.0]",0,,,,,,
vitals,dbp,above,(,80.0,82.0,],"vitals_dbp_(80.0,82.0]",0,,,,,,
vitals,dbp,above,(,82.0,86.0,],"vitals_dbp_(82.0,86.0]",0,,,,,,
vitals,dbp,above,(,86.0,90.0,],"vitals_dbp_(86.0,90.0]",0,,,,,,
vitals,dbp,above,(,90.0,97.0,],"vitals_dbp_(90.0,97.0]",0,,,,,,
vitals,dbp,above,(,97.0,200.0,],"vitals_dbp_(97.0,200.0]",0,,,,,,
vitals,heart_rate,below,(,0.0,52.0,],"vitals_heart_rate_(0.0,52.0]",0,,,,,,
vitals,heart_rate,zero,[,0.0,0.0,],"vitals_heart_rate_[0.0,0.0]",1,,,zero_token,,,
vitals,heart_rate,below,(,52.0,56.0,],"vitals_heart_rate_(52.0,56.0]",0,,,,,,
vitals,heart_rate,below,(,56.0,58.0,],"vitals_heart_rate_(56.0,58.0]",0,,,,,,
vitals,heart_rate,below,(,58.0,60.0,],"vitals_heart_rate_(58.0,60.0]",0,,,,,,
vitals,heart_rate,normal,(,60.0,70.0,],"vitals_heart_rate_(60.0,70.0]",0,,,,,,
vitals,heart_rate,normal,(,70.0,77.0,],"vitals_heart_rate_(70.0,77.0]",0,,,,,,
vitals,heart_rate,normal,(,77.0,83.0,],"vitals_heart_rate_(77.0,83.0]",0,,,,,,
vitals,heart_rate,normal,(,83.0,91.0,],"vitals_heart_rate_(83.0,91.0]",0,,,,,,
vitals,heart_rate,normal,(,91.0,100.0,],"vitals_heart_rate_(91.0,100.0]",0,,,,,,
vitals,heart_rate,above,(,100.0,103.0,],"vitals_heart_rate_(100.0,103.0]",0,,,,,,
vitals,heart_rate,above,(,103.0,107.0,],"vitals_heart_rate_(103.0,107.0]",0,,,,,,
vitals,heart_rate,above,(,107.0,112.0,],"vitals_heart_rate_(107.0,112.0]",0,,,,,,
vitals,heart_rate,above,(,112.0,120.0,],"vitals_heart_rate_(112.0,120.0]",0,,,,,,
vitals,heart_rate,above,(,120.0,122.0,],"vitals_heart_rate_(120.0,122.0]",0,,,added,114254.0,5.0,vital_heart_rate_above_120_to_300
vitals,heart_rate,above,(,122.0,126.0,],"vitals_heart_rate_(122.0,126.0]",0,,,added,146790.0,5.0,vital_heart_rate_above_120_to_300
vitals,heart_rate,above,(,126.0,130.0,],"vitals_heart_rate_(126.0,130.0]",0,,,added,108964.0,5.0,vital_heart_rate_above_120_to_300
vitals,heart_rate,above,(,130.0,138.0,],"vitals_heart_rate_(130.0,138.0]",0,,,added,122195.0,5.0,vital_heart_rate_above_120_to_300
vitals,heart_rate,above,(,138.0,300.0,],"vitals_heart_rate_(138.0,300.0]",0,1.0,,added,111851.0,5.0,vital_heart_rate_above_120_to_300
vitals,height_cm,below,[,81.27,144.78,],"vitals_height_cm_[81.27,144.78]",0,,,,,,
vitals,height_cm,below,(,144.78,147.32,],"vitals_height_cm_(144.78,147.32]",0,,,,,,
vitals,height_cm,below,(,147.32,149.86,],"vitals_height_cm_(147.32,149.86]",0,,,,,,
vitals,height_cm,below,(,149.86,150.0,],"vitals_height_cm_(149.86,150.0]",0,,,,,,
vitals,height_cm,normal,(,150.0,160.02,],"vitals_height_cm_(150.0,160.02]",0,,,,,,
vitals,height_cm,normal,(,160.02,165.1,],"vitals_height_cm_(160.02,165.1]",0,,,,,,
vitals,height_cm,normal,(,165.1,170.18,],"vitals_height_cm_(165.1,170.18]",0,,,,,,
vitals,height_cm,normal,(,170.18,177.8,],"vitals_height_cm_(170.18,177.8]",0,,,,,,
vitals,height_cm,normal,(,177.8,190.0,],"vitals_height_cm_(177.8,190.0]",0,,,,,,
vitals,height_cm,above,(,190.0,191.0,],"vitals_height_cm_(190.0,191.0]",0,,,,,,
vitals,height_cm,above,(,191.0,193.04,],"vitals_height_cm_(191.0,193.04]",0,,,,,,
vitals,height_cm,above,(,193.04,195.58,],"vitals_height_cm_(193.04,195.58]",0,,,,,,
vitals,height_cm,above,(,195.58,223.52,],"vitals_height_cm_(195.58,223.52]",0,,,,,,
vitals,map,below,[,0.0,53.0,],"vitals_map_[0.0,53.0]",0,1.0,,added,40821.0,5.0,vital_map_below_0_to_61
vitals,map,below,(,53.0,57.0,],"vitals_map_(53.0,57.0]",0,1.0,,added,52534.0,5.0,vital_map_below_0_to_61
vitals,map,below,(,57.0,59.0,],"vitals_map_(57.0,59.0]",0,1.0,,added,54738.0,5.0,vital_map_below_0_to_61
vitals,map,below,(,59.0,60.0,],"vitals_map_(59.0,60.0]",0,1.0,,added,47524.0,5.0,vital_map_below_0_to_61
vitals,map,below,(,60.0,61.0,],"vitals_map_(60.0,61.0]",0,1.0,,added,57177.0,5.0,vital_map_below_0_to_61
vitals,map,below,(,61.0,65.0,],"vitals_map_(61.0,65.0]",0,,,,,,
vitals,map,below,(,65.0,67.0,],"vitals_map_(65.0,67.0]",0,,,,,,
vitals,map,below,(,67.0,69.0,],"vitals_map_(67.0,69.0]",0,,,,,,
vitals,map,below,(,69.0,70.0,],"vitals_map_(69.0,70.0]",0,,,,,,
vitals,map,normal,(,70.0,77.0,],"vitals_map_(70.0,77.0]",0,,,,,,
vitals,map,normal,(,77.0,83.0,],"vitals_map_(77.0,83.0]",0,,,,,,
vitals,map,normal,(,83.0,88.0,],"vitals_map_(83.0,88.0]",0,,,,,,
vitals,map,normal,(,88.0,94.0,],"vitals_map_(88.0,94.0]",0,,,,,,
vitals,map,normal,(,94.0,100.0,],"vitals_map_(94.0,100.0]",0,,,,,,
vitals,map,above,(,100.0,102.3,],"vitals_map_(100.0,102.3]",0,,,,,,
vitals,map,above,(,102.3,106.0,],"vitals_map_(102.3,106.0]",0,,,,,,
vitals,map,above,(,106.0,110.0,],"vitals_map_(106.0,110.0]",0,,,,,,
vitals,map,above,(,110.0,117.0,],"vitals_map_(110.0,117.0]",0,,,,,,
vitals,map,above,(,117.0,119.0,],"vitals_map_(117.0,119.0]",0,1.0,,added,71554.0,5.0,vital_map_above_117_to_250
vitals,map,above,(,119.0,122.0,],"vitals_map_(119.0,122.0]",0,1.0,,added,75154.0,5.0,vital_map_above_117_to_250
vitals,map,above,(,122.0,126.0,],"vitals_map_(122.0,126.0]",0,1.0,,added,66364.0,5.0,vital_map_above_117_to_250
vitals,map,above,(,126.0,133.0,],"vitals_map_(126.0,133.0]",0,1.0,,added,62337.0,5.0,vital_map_above_117_to_250
vitals,map,above,(,133.0,250.0,],"vitals_map_(133.0,250.0]",0,1.0,,added,61877.0,5.0,vital_map_above_117_to_250
vitals,respiratory_rate,below,(,0.0,6.0,],"vitals_respiratory_rate_(0.0,6.0]",0,1.0,,added,39443.0,5.0,vital_respiratory_rate_below_0_to_10
vitals,respiratory_rate,zero,[,0.0,0.0,],"vitals_respiratory_rate_[0.0,0.0]",1,1.0,,zero_token,39443.0,5.0,vital_respiratory_rate_below_0_to_10
vitals,respiratory_rate,below,(,6.0,9.0,],"vitals_respiratory_rate_(6.0,9.0]",0,1.0,,added,71767.0,5.0,vital_respiratory_rate_below_0_to_10
vitals,respiratory_rate,below,(,10.0,11.0,],"vitals_respiratory_rate_(10.0,11.0]",0,,,,,,
vitals,respiratory_rate,below,[,10.0,10.0,],"vitals_respiratory_rate_[10.0,10.0]",1,1.0,,added,87406.0,5.0,vital_respiratory_rate_below_0_to_10
vitals,respiratory_rate,below,(,11.0,12.0,],"vitals_respiratory_rate_(11.0,12.0]",0,,,,,,
vitals,respiratory_rate,normal,(,12.0,16.0,],"vitals_respiratory_rate_(12.0,16.0]",0,,,,,,
vitals,respiratory_rate,normal,(,16.0,17.0,],"vitals_respiratory_rate_(16.0,17.0]",0,,,,,,
vitals,respiratory_rate,normal,(,17.0,18.0,],"vitals_respiratory_rate_(17.0,18.0]",0,,,,,,
vitals,respiratory_rate,normal,(,18.0,19.0,],"vitals_respiratory_rate_(18.0,19.0]",0,,,,,,
vitals,respiratory_rate,normal,(,19.0,20.0,],"vitals_respiratory_rate_(19.0,20.0]",0,,,,,,
vitals,respiratory_rate,above,(,20.0,22.0,],"vitals_respiratory_rate_(20.0,22.0]",0,,,,,,
vitals,respiratory_rate,above,(,22.0,24.0,],"vitals_respiratory_rate_(22.0,24.0]",0,,,,,,
vitals,respiratory_rate,above,(,24.0,27.0,],"vitals_respiratory_rate_(24.0,27.0]",0,,,,,,
vitals,respiratory_rate,above,(,27.0,28.0,],"vitals_respiratory_rate_(27.0,28.0]",0,1.0,,added,382416.0,5.0,vital_respiratory_rate_above_27_to_60
vitals,respiratory_rate,above,(,28.0,29.0,],"vitals_respiratory_rate_(28.0,29.0]",0,1.0,,added,325512.0,5.0,vital_respiratory_rate_above_27_to_60
vitals,respiratory_rate,above,(,29.0,31.0,],"vitals_respiratory_rate_(29.0,31.0]",0,1.0,,added,355167.0,5.0,vital_respiratory_rate_above_27_to_60
vitals,respiratory_rate,above,(,31.0,34.0,],"vitals_respiratory_rate_(31.0,34.0]",0,1.0,,added,278602.0,5.0,vital_respiratory_rate_above_27_to_60
vitals,respiratory_rate,above,(,34.0,60.0,],"vitals_respiratory_rate_(34.0,60.0]",0,1.0,,added,265204.0,5.0,vital_respiratory_rate_above_27_to_60
vitals,sbp,below,[,0.0,67.0,],"vitals_sbp_[0.0,67.0]",0,1.0,,added,18985.0,5.0,vital_sbp_below_0_to_78
vitals,sbp,below,(,67.0,72.0,],"vitals_sbp_(67.0,72.0]",0,1.0,,added,20756.0,5.0,vital_sbp_below_0_to_78
vitals,sbp,below,(,72.0,75.0,],"vitals_sbp_(72.0,75.0]",0,1.0,,added,24042.0,5.0,vital_sbp_below_0_to_78
vitals,sbp,below,(,75.0,77.0,],"vitals_sbp_(75.0,77.0]",0,1.0,,added,24389.0,5.0,vital_sbp_below_0_to_78
vitals,sbp,below,(,77.0,78.0,],"vitals_sbp_(77.0,78.0]",0,1.0,,added,19729.0,5.0,vital_sbp_below_0_to_78
vitals,sbp,below,(,78.0,83.0,],"vitals_sbp_(78.0,83.0]",0,,,,,,
vitals,sbp,below,(,83.0,86.0,],"vitals_sbp_(83.0,86.0]",0,,,,,,
vitals,sbp,below,(,86.0,89.0,],"vitals_sbp_(86.0,89.0]",0,,,,,,
vitals,sbp,below,(,89.0,90.0,],"vitals_sbp_(89.0,90.0]",0,,,,,,
vitals,sbp,normal,(,90.0,100.0,],"vitals_sbp_(90.0,100.0]",0,,,,,,
vitals,sbp,normal,(,100.0,106.0,],"vitals_sbp_(100.0,106.0]",0,,,,,,
vitals,sbp,normal,(,106.0,111.0,],"vitals_sbp_(106.0,111.0]",0,,,,,,
vitals,sbp,normal,(,111.0,116.0,],"vitals_sbp_(111.0,116.0]",0,,,,,,
vitals,sbp,normal,(,116.0,120.0,],"vitals_sbp_(116.0,120.0]",0,,,,,,
vitals,sbp,above,(,120.0,126.0,],"vitals_sbp_(120.0,126.0]",0,,,,,,
vitals,sbp,above,(,126.0,134.0,],"vitals_sbp_(126.0,134.0]",0,,,,,,
vitals,sbp,above,(,134.0,142.0,],"vitals_sbp_(134.0,142.0]",0,,,,,,
vitals,sbp,above,(,142.0,155.0,],"vitals_sbp_(142.0,155.0]",0,,,,,,
vitals,sbp,above,(,155.0,158.0,],"vitals_sbp_(155.0,158.0]",0,1.0,,added,167841.0,5.0,vital_sbp_above_155_to_300
vitals,sbp,above,(,158.0,162.0,],"vitals_sbp_(158.0,162.0]",0,1.0,,added,171123.0,5.0,vital_sbp_above_155_to_300
vitals,sbp,above,(,162.0,168.0,],"vitals_sbp_(162.0,168.0]",0,1.0,,added,169145.0,5.0,vital_sbp_above_155_to_300
vitals,sbp,above,(,168.0,177.0,],"vitals_sbp_(168.0,177.0]",0,1.0,,added,150801.0,5.0,vital_sbp_above_155_to_300
vitals,sbp,above,(,177.0,300.0,],"vitals_sbp_(177.0,300.0]",0,1.0,,added,152658.0,5.0,vital_sbp_above_155_to_300
vitals,spo2,below,[,49.9,88.0,],"vitals_spo2_[49.9,88.0]",0,1.0,,added,176877.0,5.0,vital_spo2_below_50_to_92
vitals,spo2,below,(,88.0,90.0,],"vitals_spo2_(88.0,90.0]",0,1.0,,added,203438.0,5.0,vital_spo2_below_50_to_92
vitals,spo2,below,(,90.0,91.0,],"vitals_spo2_(90.0,91.0]",0,1.0,,added,258275.0,5.0,vital_spo2_below_50_to_92
vitals,spo2,below,(,92.0,93.0,],"vitals_spo2_(92.0,93.0]",0,,,,,,
vitals,spo2,below,[,92.0,92.0,],"vitals_spo2_[92.0,92.0]",1,1.0,,added,261626.0,5.0,vital_spo2_below_50_to_92
vitals,spo2,below,(,93.0,94.0,],"vitals_spo2_(93.0,94.0]",0,,,,,,
vitals,spo2,below,(,94.0,95.0,],"vitals_spo2_(94.0,95.0]",0,,,,,,
vitals,spo2,normal,(,95.0,96.0,],"vitals_spo2_(95.0,96.0]",0,,,,,,
vitals,spo2,normal,(,96.0,97.0,],"vitals_spo2_(96.0,97.0]",0,,,,,,
vitals,spo2,normal,(,97.0,98.0,],"vitals_spo2_(97.0,98.0]",0,,,,,,
vitals,spo2,normal,(,98.0,100.0,],"vitals_spo2_(98.0,100.0]",0,,,,,,
vitals,temp_c,below,[,31.999,35.388,],"vitals_temp_c_[31.999,35.388]",0,1.0,,added,68229.0,5.0,vital_temp_c_below_32_to_36
vitals,temp_c,below,(,35.388,35.611,],"vitals_temp_c_(35.388,35.611]",0,1.0,,added,77476.0,5.0,vital_temp_c_below_32_to_36
vitals,temp_c,below,(,35.611,35.722,],"vitals_temp_c_(35.611,35.722]",0,1.0,,added,75142.0,5.0,vital_temp_c_below_32_to_36
vitals,temp_c,below,(,35.722,35.833,],"vitals_temp_c_(35.722,35.833]",0,1.0,,added,98733.0,5.0,vital_temp_c_below_32_to_36
vitals,temp_c,below,(,35.833,35.889,],"vitals_temp_c_(35.833,35.889]",0,1.0,,added,78541.0,5.0,vital_temp_c_below_32_to_36
vitals,temp_c,below,(,35.889,36.111,],"vitals_temp_c_(35.889,36.111]",0,,,,,,
vitals,temp_c,below,(,36.111,36.278,],"vitals_temp_c_(36.111,36.278]",0,,,,,,
vitals,temp_c,below,(,36.278,36.389,],"vitals_temp_c_(36.278,36.389]",0,,,,,,
vitals,temp_c,below,(,36.389,36.5,],"vitals_temp_c_(36.389,36.5]",0,,,,,,
vitals,temp_c,normal,(,36.5,36.611,],"vitals_temp_c_(36.5,36.611]",0,,,,,,
vitals,temp_c,normal,(,36.611,36.722,],"vitals_temp_c_(36.611,36.722]",0,,,,,,
vitals,temp_c,normal,(,36.722,36.889,],"vitals_temp_c_(36.722,36.889]",0,,,,,,
vitals,temp_c,normal,(,36.889,37.111,],"vitals_temp_c_(36.889,37.111]",0,,,,,,
vitals,temp_c,normal,(,37.111,37.5,],"vitals_temp_c_(37.111,37.5]",0,,,,,,
vitals,temp_c,above,(,37.499,37.611,],"vitals_temp_c_(37.499,37.611]",0,,,,,,
vitals,temp_c,above,(,37.611,37.722,],"vitals_temp_c_(37.611,37.722]",0,,,,,,
vitals,temp_c,above,(,37.722,37.944,],"vitals_temp_c_(37.722,37.944]",0,,,,,,
vitals,temp_c,above,(,37.944,38.333,],"vitals_temp_c_(37.944,38.333]",0,,,,,,
vitals,temp_c,above,(,38.333,38.444,],"vitals_temp_c_(38.333,38.444]",0,1.0,,added,17698.0,5.0,vital_temp_c_above_38_to_44
vitals,temp_c,above,(,38.444,38.555,],"vitals_temp_c_(38.444,38.555]",0,1.0,,added,14414.0,5.0,vital_temp_c_above_38_to_44
vitals,temp_c,above,(,38.555,38.777,],"vitals_temp_c_(38.555,38.777]",0,1.0,,added,17946.0,5.0,vital_temp_c_above_38_to_44
vitals,temp_c,above,(,38.777,39.166,],"vitals_temp_c_(38.777,39.166]",0,1.0,,added,16624.0,5.0,vital_temp_c_above_38_to_44
vitals,temp_c,above,(,39.166,44.0,],"vitals_temp_c_(39.166,44.0]",0,1.0,,added,13343.0,5.0,vital_temp_c_above_38_to_44
vitals,weight_kg,below,[,30.0,41.6,],"vitals_weight_kg_[30.0,41.6]",0,,,,,,
vitals,weight_kg,below,(,41.6,44.9,],"vitals_weight_kg_(41.6,44.9]",0,,,,,,
vitals,weight_kg,below,(,44.9,47.0,],"vitals_weight_kg_(44.9,47.0]",0,,,,,,
vitals,weight_kg,below,(,47.0,48.8,],"vitals_weight_kg_(47.0,48.8]",0,,,,,,
vitals,weight_kg,below,(,48.8,50.0,],"vitals_weight_kg_(48.8,50.0]",0,,,,,,
vitals,weight_kg,normal,(,50.0,62.9,],"vitals_weight_kg_(50.0,62.9]",0,,,,,,
vitals,weight_kg,normal,(,62.9,71.5,],"vitals_weight_kg_(62.9,71.5]",0,,,,,,
vitals,weight_kg,normal,(,71.5,79.5,],"vitals_weight_kg_(71.5,79.5]",0,,,,,,
vitals,weight_kg,normal,(,79.5,88.4,],"vitals_weight_kg_(79.5,88.4]",0,,,,,,
vitals,weight_kg,normal,(,88.4,99.9,],"vitals_weight_kg_(88.4,99.9]",0,,,,,,
vitals,weight_kg,above,(,100.0,105.1,],"vitals_weight_kg_(100.0,105.1]",0,,,,,,
vitals,weight_kg,above,(,105.1,111.5,],"vitals_weight_kg_(105.1,111.5]",0,,,,,,
vitals,weight_kg,above,(,111.5,120.5,],"vitals_weight_kg_(111.5,120.5]",0,,,,,,
vitals,weight_kg,above,(,120.5,136.0,],"vitals_weight_kg_(120.5,136.0]",0,,,,,,
vitals,weight_kg,above,(,136.0,606.0,],"vitals_weight_kg_(136.0,606.0]",0,,,,,,
